Company_Name,New_Hires_Approved_2025,Approval_Rate_%,H1B_Priority_Score,Sponsorship_Tier,Industry,City,State,Scrape_Order,ATS_Type
LINKEDIN CORPORATION,169.0,99.4,70,Tier 1 - High Volume (100+ new hires),51 - Information,SUNNYVALE,CA,1,Custom
DELOITTE CONSULTING LLP,182.0,100.0,70,Tier 1 - High Volume (100+ new hires),"54 - Professional, Scientific, and Technical Services",PHILADELPHIA,PA,2,Workday
UBER TECHNOLOGIES INC,209.0,99.5,70,Tier 1 - High Volume (100+ new hires),"54 - Professional, Scientific, and Technical Services",SAN FRANCISCO,CA,3,Custom
COGNIZANT TECHNOLOGY SOLUTIONS US CORP,397.0,100.0,70,Tier 1 - High Volume (100+ new hires),"54 - Professional, Scientific, and Technical Services",COLLEGE STA,TX,4,iCIMS
TIKTOK INC,373.0,96.4,70,Tier 1 - High Volume (100+ new hires),51 - Information,CULVER CITY,CA,5,Custom
BOFA SECURITIES INC,139.0,99.3,70,Tier 1 - High Volume (100+ new hires),52 - Finance and Insurance,CHARLOTTE,NC,6,Workday
CAPITAL ONE SERVICES LLC,130.0,100.0,70,Tier 1 - High Volume (100+ new hires),52 - Finance and Insurance,RICHMOND,VA,7,Workday
BOSTON CONSULTING GROUP INC,235.0,99.2,70,Tier 1 - High Volume (100+ new hires),"54 - Professional, Scientific, and Technical Services",BOSTON,MA,8,Custom
BLACKROCK FINANCIAL MANAGEMENT INC,104.0,100.0,70,Tier 1 - High Volume (100+ new hires),52 - Finance and Insurance,PRINCETON,NJ,9,Workday
DELOITTE AND TOUCHE LLP,151.0,98.7,70,Tier 1 - High Volume (100+ new hires),"54 - Professional, Scientific, and Technical Services",PHILADELPHIA,PA,10,Workday
INTUIT INC,198.0,99.5,70,Tier 1 - High Volume (100+ new hires),"54 - Professional, Scientific, and Technical Services",MOUNTAIN VIEW,CA,11,Greenhouse
FIDELITY TECHNOLOGY GROUP LLC D B A FIDELITY INVESTMENTS,166.0,100.0,70,Tier 1 - High Volume (100+ new hires),52 - Finance and Insurance,BOSTON,MA,12,Greenhouse/Lever (Likely)
ORACLE AMERICA INC,467.0,99.2,70,Tier 1 - High Volume (100+ new hires),51 - Information,AUSTIN,TX,13,Taleo
UST GLOBAL INC,115.0,98.3,70,Tier 1 - High Volume (100+ new hires),"54 - Professional, Scientific, and Technical Services",ALISO VIEJO,CA,14,Workday/Custom (Likely)
TECH MAHINDRA AMERICAS INC,289.0,96.7,70,Tier 1 - High Volume (100+ new hires),"54 - Professional, Scientific, and Technical Services",BEDMINSTER,NJ,15,Greenhouse/Lever (Likely)
ADOBE INC,183.0,100.0,70,Tier 1 - High Volume (100+ new hires),"54 - Professional, Scientific, and Technical Services",SAN JOSE,CA,16,Workday/Custom (Likely)
PERSISTENT SYSTEMS LIMITED DBA PER,124.0,97.6,70,Tier 1 - High Volume (100+ new hires),"54 - Professional, Scientific, and Technical Services",SANTA CLARA,CA,17,Unknown
LTIMINDTREE LIMITED,397.0,95.4,70,Tier 1 - High Volume (100+ new hires),"54 - Professional, Scientific, and Technical Services","EDISON,",NJ,18,Unknown
AMAZON WEB SERVICES INC,480.0,98.6,70,Tier 1 - High Volume (100+ new hires),51 - Information,ARLINGTON,VA,19,Custom
CITIBANK N A,294.0,99.7,70,Tier 1 - High Volume (100+ new hires),52 - Finance and Insurance,NEW YORK,NY,20,Workday (Likely)
BYTEDANCE INC,443.0,99.1,70,Tier 1 - High Volume (100+ new hires),51 - Information,SAN JOSE,CA,21,Workday/Custom (Likely)
RANDSTAD DIGITAL LLC,101.0,100.0,70,Tier 1 - High Volume (100+ new hires),"54 - Professional, Scientific, and Technical Services",WOBURN,MA,22,Greenhouse/Lever (Likely)
AMAZON DATA SERVICES INC,163.0,98.8,70,Tier 1 - High Volume (100+ new hires),51 - Information,ARLINGTON,VA,23,Custom
AMAZON DEVELOPMENT CENTER U S INC,864.0,99.3,70,Tier 1 - High Volume (100+ new hires),51 - Information,ARLINGTON,VA,24,Custom
COMPUNNEL SOFTWARE GROUP INC,126.0,99.2,70,Tier 1 - High Volume (100+ new hires),"54 - Professional, Scientific, and Technical Services",PLAINSBORO,NJ,25,Greenhouse/Lever (Likely)
GOLDMAN SACHS AND CO LLC,490.0,98.8,70,Tier 1 - High Volume (100+ new hires),52 - Finance and Insurance,NEW YORK,NY,26,Workday
MORGAN STANLEY SERVICES GROUP INC,133.0,99.3,70,Tier 1 - High Volume (100+ new hires),52 - Finance and Insurance,NEW YORK,NY,27,Workday
WIPRO LIMITED,261.0,98.1,70,Tier 1 - High Volume (100+ new hires),"54 - Professional, Scientific, and Technical Services",AST BRUNSWICK,NJ,28,Unknown
GOLDMAN SACHS SERVICES LLC,169.0,98.3,70,Tier 1 - High Volume (100+ new hires),52 - Finance and Insurance,NEW YORK,NY,29,Workday
CAPGEMINI AMERICA INC,392.0,96.3,70,Tier 1 - High Volume (100+ new hires),"54 - Professional, Scientific, and Technical Services",CHICAGO,IL,30,Workday/Custom (Likely)
BLOOMBERG LP,215.0,100.0,70,Tier 1 - High Volume (100+ new hires),51 - Information,NEW YORK,NY,31,Unknown
CAPITAL ONE NATIONAL ASSOCIATION,136.0,100.0,70,Tier 1 - High Volume (100+ new hires),52 - Finance and Insurance,RICHMOND,VA,32,Workday
MCKINSEY AND COMPANY INC UNITED STATES,222.0,99.6,70,Tier 1 - High Volume (100+ new hires),"54 - Professional, Scientific, and Technical Services",NEW YORK,NY,33,Workday/Custom (Likely)
TATA CONSULTANCY SERVICES LIMITED,830.0,97.8,70,Tier 1 - High Volume (100+ new hires),"54 - Professional, Scientific, and Technical Services",ROCKVILLE,MD,34,Workday/Custom (Likely)
SERVICENOW INC,157.0,96.9,70,Tier 1 - High Volume (100+ new hires),"54 - Professional, Scientific, and Technical Services",SANTA CLARA,CA,35,Workday/Custom (Likely)
PWC ADVISORY SERVICES LLC,120.0,99.2,70,Tier 1 - High Volume (100+ new hires),"54 - Professional, Scientific, and Technical Services",TAMPA,FL,36,Workday/Custom (Likely)
SALESFORCE INC,134.0,100.0,70,Tier 1 - High Volume (100+ new hires),"54 - Professional, Scientific, and Technical Services",SAN FRANCISCO,CA,37,Workday/Custom (Likely)
ERNST AND YOUNG U S LLP,680.0,99.3,70,Tier 1 - High Volume (100+ new hires),51 - Information,SECAUCUS,NJ,38,Unknown
ACCENTURE LLP,242.0,98.8,70,Tier 1 - High Volume (100+ new hires),"54 - Professional, Scientific, and Technical Services",CHICAGO,IL,39,Unknown
IBM CORPORATION,473.0,99.0,70,Tier 1 - High Volume (100+ new hires),"54 - Professional, Scientific, and Technical Services",DURHAM,NC,40,Workday/Custom (Likely)
AMGEN INC,101.0,99.0,70,Tier 1 - High Volume (100+ new hires),"54 - Professional, Scientific, and Technical Services",THOUSAND OAKS,CA,41,Workday/Custom (Likely)
PAYPAL INC,166.0,98.2,70,Tier 1 - High Volume (100+ new hires),52 - Finance and Insurance,SAN JOSE,CA,42,Workday/Custom (Likely)
HCL AMERICA INC,374.0,94.0,65,Tier 1 - High Volume (100+ new hires),"54 - Professional, Scientific, and Technical Services",SANTA CLARA,CA,43,Workday/Custom (Likely)
INFOSYS LIMITED,256.0,94.1,65,Tier 1 - High Volume (100+ new hires),"54 - Professional, Scientific, and Technical Services",RICHARDSON,TX,44,Unknown
COGNIZANT TECHNOLOGY SOLUTIONS US,263.0,90.4,65,Tier 1 - High Volume (100+ new hires),"54 - Professional, Scientific, and Technical Services",COLLEGE STATION,TX,45,iCIMS
KPMG LLP,74.0,98.7,60,Tier 2 - Medium Volume (50-99 new hires),"54 - Professional, Scientific, and Technical Services",DALLAS,TX,46,Unknown
HDR ENGINEERING INC,51.0,100.0,60,Tier 2 - Medium Volume (50-99 new hires),"54 - Professional, Scientific, and Technical Services",OMAHA,NE,47,Workday/Custom (Likely)
SYNECHRON INC,71.0,100.0,60,Tier 2 - Medium Volume (50-99 new hires),"54 - Professional, Scientific, and Technical Services",NEW YORK,NY,48,Workday/Custom (Likely)
BRILLIO LLC,51.0,100.0,60,Tier 2 - Medium Volume (50-99 new hires),"54 - Professional, Scientific, and Technical Services",SAN RAMON,CA,49,Workday/Custom (Likely)
THE MATHWORKS INC,69.0,98.6,60,Tier 2 - Medium Volume (50-99 new hires),51 - Information,NATICK,MA,50,Workday/Custom (Likely)
UT-BATTELLE LLC ORNL,83.0,100.0,60,Tier 2 - Medium Volume (50-99 new hires),"54 - Professional, Scientific, and Technical Services",OAK RIDGE,TN,51,Workday/Custom (Likely)
NAGARRO INC,51.0,98.1,60,Tier 2 - Medium Volume (50-99 new hires),"54 - Professional, Scientific, and Technical Services",SAN JOSE,CA,52,Workday/Custom (Likely)
FORTINET INC,66.0,100.0,60,Tier 2 - Medium Volume (50-99 new hires),"54 - Professional, Scientific, and Technical Services",SUNNYVALE,CA,53,Workday/Custom (Likely)
HEXAWARE TECHNOLOGIES INC,82.0,98.8,60,Tier 2 - Medium Volume (50-99 new hires),"54 - Professional, Scientific, and Technical Services",ISELIN,NJ,54,Greenhouse/Lever (Likely)
PERSISTENT SYSTEMS LIMITED DBA PERSISTENT SYSTEMS LIMITED USA BRANCH,73.0,98.6,60,Tier 2 - Medium Volume (50-99 new hires),"54 - Professional, Scientific, and Technical Services",SANTA CLARA,CA,55,Unknown
ULTIMUS SOLUTIONS INC,68.0,95.8,60,Tier 2 - Medium Volume (50-99 new hires),"54 - Professional, Scientific, and Technical Services",MIAMI,GA,56,Workday/Custom (Likely)
WSP USA INC,94.0,100.0,60,Tier 2 - Medium Volume (50-99 new hires),"54 - Professional, Scientific, and Technical Services",NEW YORK,NY,57,Workday/Custom (Likely)
DATABRICKS INC,69.0,100.0,60,Tier 2 - Medium Volume (50-99 new hires),"54 - Professional, Scientific, and Technical Services",SAN FRANCISCO,CA,58,Greenhouse/Lever (Likely)
DISH WIRELESS LLC,68.0,95.8,60,Tier 2 - Medium Volume (50-99 new hires),51 - Information,ENGLEWOOD,CO,59,Workday/Custom (Likely)
JEFFERIES LLC,52.0,100.0,60,Tier 2 - Medium Volume (50-99 new hires),52 - Finance and Insurance,NEW YORK,NY,60,Workday/Custom (Likely)
NATIONAL INSTITUTES OF HEALTH HHS,55.0,98.2,60,Tier 2 - Medium Volume (50-99 new hires),"54 - Professional, Scientific, and Technical Services",BETHESDA,MD,61,Unknown
VISA U S A INC,75.0,100.0,60,Tier 2 - Medium Volume (50-99 new hires),52 - Finance and Insurance,FOSTER CITY,CA,62,Workday/Custom (Likely)
DELOITTE TAX LLP,91.0,98.9,60,Tier 2 - Medium Volume (50-99 new hires),"54 - Professional, Scientific, and Technical Services",PHILADELPHIA,PA,63,Workday
AMERICAN EXPRESS TRAVEL RELATED SERVICES COMPANY INC,94.0,97.9,60,Tier 2 - Medium Volume (50-99 new hires),52 - Finance and Insurance,NEW YORK,NY,64,Workday/Custom (Likely)
VIRTUSA CORPORATION,58.0,98.3,60,Tier 2 - Medium Volume (50-99 new hires),"54 - Professional, Scientific, and Technical Services",SOUTHBOROUGH,MA,65,Workday/Custom (Likely)
INFOCONS INC,69.0,97.2,60,Tier 2 - Medium Volume (50-99 new hires),"54 - Professional, Scientific, and Technical Services",WILMINGTON,DE,66,Workday/Custom (Likely)
GOLDMAN SACHS BANK USA,67.0,98.5,60,Tier 2 - Medium Volume (50-99 new hires),52 - Finance and Insurance,NEW YORK,NY,67,Workday
SNAP INC,84.0,100.0,60,Tier 2 - Medium Volume (50-99 new hires),51 - Information,SANTA MONICA,CA,68,Workday/Custom (Likely)
WELLS FARGO BANK N A,61.0,98.4,60,Tier 2 - Medium Volume (50-99 new hires),52 - Finance and Insurance,SIOUX FALLS,SD,69,Workday (Likely)
BATTELLE MEMORIAL INSTITUTE,50.0,100.0,60,Tier 2 - Medium Volume (50-99 new hires),"54 - Professional, Scientific, and Technical Services",RICHLAND,WA,70,Unknown
NETFLIX INC,54.0,100.0,60,Tier 2 - Medium Volume (50-99 new hires),51 - Information,LOS GATOS,CA,71,Workday/Custom (Likely)
MPHASIS CORPORATION,91.0,100.0,60,Tier 2 - Medium Volume (50-99 new hires),"54 - Professional, Scientific, and Technical Services",NEW YORK,NY,72,Workday/Custom (Likely)
MORGAN STANLEY AND CO LLC,91.0,98.9,60,Tier 2 - Medium Volume (50-99 new hires),52 - Finance and Insurance,NEW YORK,NY,73,Workday
L AND T TECHNOLOGY SERVICES LTD,73.0,98.6,60,Tier 2 - Medium Volume (50-99 new hires),"54 - Professional, Scientific, and Technical Services",EDISON,NJ,74,Greenhouse/Lever (Likely)
SNOWFLAKE INC,67.0,97.1,60,Tier 2 - Medium Volume (50-99 new hires),51 - Information,MENLO PARK,CA,75,Workday/Custom (Likely)
FIS MANAGEMENT SERVICES LLC,52.0,100.0,60,Tier 2 - Medium Volume (50-99 new hires),"54 - Professional, Scientific, and Technical Services",NEW YORK,NY,76,Workday/Custom (Likely)
MPG OPERATIONS LLC,58.0,100.0,60,Tier 2 - Medium Volume (50-99 new hires),52 - Finance and Insurance,NEW YORK,NY,77,Workday/Custom (Likely)
PALO ALTO NETWORKS INC,68.0,98.6,60,Tier 2 - Medium Volume (50-99 new hires),"54 - Professional, Scientific, and Technical Services",SANTA CLARA,CA,78,Workday/Custom (Likely)
GOVERNMENT EMPLOYEE INSURANCE COMPANY GEICO,86.0,100.0,60,Tier 2 - Medium Volume (50-99 new hires),52 - Finance and Insurance,CHEVY CHASE,MD,79,Unknown
PALANTIR TECHNOLOGIES INC,55.0,100.0,60,Tier 2 - Medium Volume (50-99 new hires),"54 - Professional, Scientific, and Technical Services",DENVER,CO,80,Greenhouse/Lever (Likely)
HEWLETT PACKARD ENTERPRISE COMPANY,61.0,98.4,60,Tier 2 - Medium Volume (50-99 new hires),"54 - Professional, Scientific, and Technical Services",SPRING,TX,81,Unknown
BANK OF AMERICA N A,69.0,98.6,60,Tier 2 - Medium Volume (50-99 new hires),52 - Finance and Insurance,CHARLOTTE,NC,82,Workday (Likely)
CITIUSTECH INC,59.0,100.0,60,Tier 2 - Medium Volume (50-99 new hires),"54 - Professional, Scientific, and Technical Services",PRINCETON,NJ,83,Greenhouse/Lever (Likely)
BARCLAYS SERVICES CORP,74.0,97.4,60,Tier 2 - Medium Volume (50-99 new hires),52 - Finance and Insurance,NEW YORK,NY,84,Workday/Custom (Likely)
CVS RX SERVICES INC,56.0,98.2,60,Tier 2 - Medium Volume (50-99 new hires),52 - Finance and Insurance,WOONSOCKET,RI,85,Workday/Custom (Likely)
ADP TECHNOLOGY SERVICES INC,55.0,100.0,60,Tier 2 - Medium Volume (50-99 new hires),51 - Information,ROSELAND,NJ,86,Greenhouse/Lever (Likely)
LAWRENCE BERKELEY NATIONAL LAB,79.0,100.0,60,Tier 2 - Medium Volume (50-99 new hires),"54 - Professional, Scientific, and Technical Services",BERKELEY,CA,87,Unknown
EXPEDIA INC,64.0,98.5,60,Tier 2 - Medium Volume (50-99 new hires),51 - Information,SEATTLE,WA,88,Workday/Custom (Likely)
SIEMENS ENERGY INC,51.0,100.0,60,Tier 2 - Medium Volume (50-99 new hires),51 - Information,ORLANDO,FL,89,Workday/Custom (Likely)
AECOM TECHNICAL SERVICES INC,73.0,100.0,60,Tier 2 - Medium Volume (50-99 new hires),"54 - Professional, Scientific, and Technical Services",DALLAS,TX,90,Greenhouse/Lever (Likely)
SIEMENS INDUSTRY SOFTWARE INC,57.0,100.0,60,Tier 2 - Medium Volume (50-99 new hires),51 - Information,PLANO,TX,91,Greenhouse/Lever (Likely)
NOKIA OF AMERICA CORPORATION,57.0,98.3,60,Tier 2 - Medium Volume (50-99 new hires),51 - Information,MURRAY HILL,NJ,92,Workday/Custom (Likely)
CITIGROUP GLOBAL MARKETS INC,68.0,100.0,60,Tier 2 - Medium Volume (50-99 new hires),52 - Finance and Insurance,NEW YORK,NY,93,Workday/Custom (Likely)
PINTEREST INC,55.0,100.0,60,Tier 2 - Medium Volume (50-99 new hires),51 - Information,SAN FRANCISCO,CA,94,Workday/Custom (Likely)
SAP AMERICA INC,69.0,100.0,60,Tier 2 - Medium Volume (50-99 new hires),"54 - Professional, Scientific, and Technical Services",NEWTOWN SQ,PA,95,Workday/Custom (Likely)
DFS CORPORATE SERVICES LLC,58.0,100.0,60,Tier 2 - Medium Volume (50-99 new hires),52 - Finance and Insurance,RIVERWOODS,IL,96,Workday/Custom (Likely)
UCHICAGO ARGONNE LLC,54.0,100.0,60,Tier 2 - Medium Volume (50-99 new hires),"54 - Professional, Scientific, and Technical Services",LEMONT,IL,97,Workday/Custom (Likely)
ADVITHRI TECHNOLOGIES LLC,52.0,98.1,60,Tier 2 - Medium Volume (50-99 new hires),"54 - Professional, Scientific, and Technical Services",FRISCO,TX,98,Greenhouse/Lever (Likely)
SYNOPSYS INC,99.0,99.0,60,Tier 2 - Medium Volume (50-99 new hires),"54 - Professional, Scientific, and Technical Services",SUNNYVALE,CA,99,Workday/Custom (Likely)
ANALYSIS GROUP INC,54.0,100.0,60,Tier 2 - Medium Volume (50-99 new hires),"54 - Professional, Scientific, and Technical Services",BOSTON,MA,100,Workday/Custom (Likely)
DANA-FARBER CANCER INSTITUTE,97.0,100.0,60,Tier 2 - Medium Volume (50-99 new hires),"54 - Professional, Scientific, and Technical Services",BOSTON,MA,101,Unknown
EXLSERVICE COM LLC,76.0,90.5,55,Tier 2 - Medium Volume (50-99 new hires),"54 - Professional, Scientific, and Technical Services",NEW YORK,NY,102,Workday/Custom (Likely)
MCKINSEY AND COMPANY INC UNITED ST,81.0,93.1,55,Tier 2 - Medium Volume (50-99 new hires),"54 - Professional, Scientific, and Technical Services",NEW YORK,NY,103,Workday/Custom (Likely)
KFORCE INC,79.0,92.9,55,Tier 2 - Medium Volume (50-99 new hires),"54 - Professional, Scientific, and Technical Services",TAMPA,FL,104,Workday/Custom (Likely)
INCEDO INC,38.0,97.4,50,Tier 3 - Regular Sponsor (20-49 new hires),"54 - Professional, Scientific, and Technical Services",FLORHAM PARK,NJ,105,Workday/Custom (Likely)
MODERNATX INC,33.0,100.0,50,Tier 3 - Regular Sponsor (20-49 new hires),"54 - Professional, Scientific, and Technical Services",CAMBRIDGE,MA,106,Workday/Custom (Likely)
PYRAMID CONSULTING INC,29.0,100.0,50,Tier 3 - Regular Sponsor (20-49 new hires),"54 - Professional, Scientific, and Technical Services",ALPHARETTA,GA,107,Workday (Likely)
TECHNOSOFT CORPORATION DBA APEXON,21.0,100.0,50,Tier 3 - Regular Sponsor (20-49 new hires),"54 - Professional, Scientific, and Technical Services",SOUTHFIELD,MI,108,Greenhouse/Lever (Likely)
CITADEL AMERICAS SERVICES LLC,40.0,100.0,50,Tier 3 - Regular Sponsor (20-49 new hires),52 - Finance and Insurance,MIAMI,FL,109,Workday/Custom (Likely)
IQVIA INC,26.0,100.0,50,Tier 3 - Regular Sponsor (20-49 new hires),"54 - Professional, Scientific, and Technical Services",DURHAM,NC,110,Workday/Custom (Likely)
WAYMO LLC,30.0,100.0,50,Tier 3 - Regular Sponsor (20-49 new hires),"54 - Professional, Scientific, and Technical Services",MOUNTAIN VIEW,CA,111,Workday/Custom (Likely)
ARCADIS U S INC,26.0,100.0,50,Tier 3 - Regular Sponsor (20-49 new hires),"54 - Professional, Scientific, and Technical Services",HIGHLANDS RANCH,CO,112,Workday/Custom (Likely)
APPLIED INTUITION INC,22.0,100.0,50,Tier 3 - Regular Sponsor (20-49 new hires),"54 - Professional, Scientific, and Technical Services",MOUNTAIN VIEW,CA,113,Greenhouse
AETNA RESOURCES LLC,28.0,100.0,50,Tier 3 - Regular Sponsor (20-49 new hires),52 - Finance and Insurance,WOONSOCKET,RI,114,Workday/Custom (Likely)
RIVIAN AND VW GROUP TECHNOLOGY LLC,26.0,100.0,50,Tier 3 - Regular Sponsor (20-49 new hires),"54 - Professional, Scientific, and Technical Services",IRVINE,CA,115,Greenhouse/Lever (Likely)
HITACHI DIGITAL SERVICES LLC,36.0,100.0,50,Tier 3 - Regular Sponsor (20-49 new hires),"54 - Professional, Scientific, and Technical Services",SANTA CLARA,CA,116,Greenhouse/Lever (Likely)
TIKTOK U S DATA SECURITY INC,33.0,97.1,50,Tier 3 - Regular Sponsor (20-49 new hires),51 - Information,MOUNTAIN VIEW,CA,117,Custom
LER TECHFORCE LLC,23.0,100.0,50,Tier 3 - Regular Sponsor (20-49 new hires),"54 - Professional, Scientific, and Technical Services",COLUMBUS,IN,118,Greenhouse/Lever (Likely)
AKAMAI TECHNOLOGIES INC,28.0,100.0,50,Tier 3 - Regular Sponsor (20-49 new hires),51 - Information,CAMBRIDGE,MA,119,Greenhouse/Lever (Likely)
USACS MEDICAL GROUP LTD,20.0,100.0,50,Tier 3 - Regular Sponsor (20-49 new hires),"54 - Professional, Scientific, and Technical Services",CANTON,OH,120,Unknown
SONY INTERACTIVE ENTERTAINMENT LLC,27.0,100.0,50,Tier 3 - Regular Sponsor (20-49 new hires),"54 - Professional, Scientific, and Technical Services",SAN MATEO,CA,121,Workday/Custom (Likely)
STANDARD CHARTERED BANK,27.0,96.4,50,Tier 3 - Regular Sponsor (20-49 new hires),52 - Finance and Insurance,NEW YORK,NY,122,Workday (Likely)
INSURANCE SERVICES OFFICE INC,22.0,100.0,50,Tier 3 - Regular Sponsor (20-49 new hires),52 - Finance and Insurance,JERSEY CITY,NJ,123,Workday/Custom (Likely)
INNOVA SOLUTIONS INC,32.0,100.0,50,Tier 3 - Regular Sponsor (20-49 new hires),"54 - Professional, Scientific, and Technical Services",ATLANTA,GA,124,Workday/Custom (Likely)
DB USA CORE CORPORATION,27.0,96.4,50,Tier 3 - Regular Sponsor (20-49 new hires),52 - Finance and Insurance,NEW YORK,NY,125,Workday/Custom (Likely)
ALTEN TECHNOLOGY USA INC,26.0,100.0,50,Tier 3 - Regular Sponsor (20-49 new hires),"54 - Professional, Scientific, and Technical Services",TROY,MI,126,Greenhouse/Lever (Likely)
DB GLOBAL TECHNOLOGY INC,26.0,100.0,50,Tier 3 - Regular Sponsor (20-49 new hires),52 - Finance and Insurance,CARY,NC,127,Greenhouse/Lever (Likely)
PACIFIC INVESTMENT MANAGEMENT COMPANY LLC DBA PIMCO,23.0,100.0,50,Tier 3 - Regular Sponsor (20-49 new hires),52 - Finance and Insurance,NEWPORT BEACH,CA,128,Workday/Custom (Likely)
LAWRENCE LIVERMORE NATIONAL SECURITY LLC,38.0,100.0,50,Tier 3 - Regular Sponsor (20-49 new hires),"54 - Professional, Scientific, and Technical Services",LIVERMORE,CA,129,Workday/Custom (Likely)
BLIZZARD ENTERTAINMENT INC,20.0,100.0,50,Tier 3 - Regular Sponsor (20-49 new hires),51 - Information,IRVINE,CA,130,Workday/Custom (Likely)
T-MOBILE USA INC,43.0,100.0,50,Tier 3 - Regular Sponsor (20-49 new hires),51 - Information,BELLEVUE,WA,131,Workday/Custom (Likely)
BILL OPERATIONS LLC,20.0,100.0,50,Tier 3 - Regular Sponsor (20-49 new hires),51 - Information,SAN JOSE,CA,132,Workday/Custom (Likely)
TAVANT TECHNOLOGIES INC,27.0,100.0,50,Tier 3 - Regular Sponsor (20-49 new hires),"54 - Professional, Scientific, and Technical Services",SANTA CLARA,CA,133,Greenhouse/Lever (Likely)
MSRCOSMOS LLC,22.0,100.0,50,Tier 3 - Regular Sponsor (20-49 new hires),"54 - Professional, Scientific, and Technical Services",STOCKTON,CA,134,Workday/Custom (Likely)
EFICENS SYSTEMS INC,40.0,95.2,50,Tier 3 - Regular Sponsor (20-49 new hires),"54 - Professional, Scientific, and Technical Services",SUWANEE,GA,135,Workday/Custom (Likely)
TIGER ANALYTICS INC,24.0,96.0,50,Tier 3 - Regular Sponsor (20-49 new hires),"54 - Professional, Scientific, and Technical Services",SANTA CLARA,CA,136,Workday/Custom (Likely)
AT AND T SERVICES INC,24.0,96.0,50,Tier 3 - Regular Sponsor (20-49 new hires),51 - Information,DALLAS,TX,137,Workday/Custom (Likely)
TATA ELXSI LIMITED,20.0,100.0,50,Tier 3 - Regular Sponsor (20-49 new hires),"54 - Professional, Scientific, and Technical Services",TROY,MI,138,Unknown
GENENTECH INC,44.0,97.8,50,Tier 3 - Regular Sponsor (20-49 new hires),"54 - Professional, Scientific, and Technical Services",SOUTH SAN FRANCISCO,CA,139,Greenhouse/Lever (Likely)
RUBRIK INC,30.0,100.0,50,Tier 3 - Regular Sponsor (20-49 new hires),"54 - Professional, Scientific, and Technical Services",PALO ALTO,CA,140,Workday/Custom (Likely)
BLOCK INC,47.0,100.0,50,Tier 3 - Regular Sponsor (20-49 new hires),51 - Information,OAKLAND,CA,141,Workday/Custom (Likely)
LYFT INC,21.0,100.0,50,Tier 3 - Regular Sponsor (20-49 new hires),"54 - Professional, Scientific, and Technical Services",SAN FRANCISCO,CA,142,Workday/Custom (Likely)
INSIGHT GLOBAL LLC,23.0,95.8,50,Tier 3 - Regular Sponsor (20-49 new hires),"54 - Professional, Scientific, and Technical Services",ATLANTA,GA,143,Workday/Custom (Likely)
HOWARD HUGHES MEDICAL INSTITUTE HHMI,44.0,100.0,50,Tier 3 - Regular Sponsor (20-49 new hires),"54 - Professional, Scientific, and Technical Services",CHEVY CHASE,MD,144,Unknown
CATALENT PHARMA SOLUTIONS,31.0,100.0,50,Tier 3 - Regular Sponsor (20-49 new hires),"54 - Professional, Scientific, and Technical Services",BRIDGEWATER,NJ,145,Unknown
TREDENCE INC,20.0,95.2,50,Tier 3 - Regular Sponsor (20-49 new hires),"54 - Professional, Scientific, and Technical Services",SAN JOSE,CA,146,Workday/Custom (Likely)
AFFIRM INC,26.0,100.0,50,Tier 3 - Regular Sponsor (20-49 new hires),52 - Finance and Insurance,SAN FRANCISCO,CA,147,Workday/Custom (Likely)
JANE STREET GROUP LLC,35.0,100.0,50,Tier 3 - Regular Sponsor (20-49 new hires),52 - Finance and Insurance,NEW YORK,NY,148,Workday/Custom (Likely)
VEEVA SYSTEMS INC,29.0,100.0,50,Tier 3 - Regular Sponsor (20-49 new hires),52 - Finance and Insurance,PLEASANTON,CA,149,Workday/Custom (Likely)
CITY OF HOPE NATIONAL MEDICAL CENTER,22.0,100.0,50,Tier 3 - Regular Sponsor (20-49 new hires),"54 - Professional, Scientific, and Technical Services",DUARTE,CA,150,Unknown
CUBIST SYSTEMATIC STRATEGIES LLC,23.0,100.0,50,Tier 3 - Regular Sponsor (20-49 new hires),52 - Finance and Insurance,NEW YORK,NY,151,Workday/Custom (Likely)
U S BANK NATIONAL ASSOCIATION,31.0,100.0,50,Tier 3 - Regular Sponsor (20-49 new hires),52 - Finance and Insurance,MINNEAPOLIS,MN,152,Workday (Likely)
MAPLEBEAR INC D B A INSTACART,22.0,100.0,50,Tier 3 - Regular Sponsor (20-49 new hires),51 - Information,SAN FRANCISCO,CA,153,Workday/Custom (Likely)
VSIT LLC,20.0,100.0,50,Tier 3 - Regular Sponsor (20-49 new hires),"54 - Professional, Scientific, and Technical Services",PLANO,TX,154,Workday/Custom (Likely)
SG AMERICAS SECURITIES LLC,20.0,100.0,50,Tier 3 - Regular Sponsor (20-49 new hires),52 - Finance and Insurance,NEW YORK,NY,155,Workday (Likely)
THERMO FISHER SCIENTIFIC INC,26.0,100.0,50,Tier 3 - Regular Sponsor (20-49 new hires),"54 - Professional, Scientific, and Technical Services",WALTHAM,MA,156,Workday/Custom (Likely)
NEO TECH SOLUTIONS INC,24.0,100.0,50,Tier 3 - Regular Sponsor (20-49 new hires),"54 - Professional, Scientific, and Technical Services",EDISON,NJ,157,Greenhouse/Lever (Likely)
BLACK AND VEATCH CORPORATION,24.0,100.0,50,Tier 3 - Regular Sponsor (20-49 new hires),"54 - Professional, Scientific, and Technical Services",OVERLAND PARK,KS,158,Workday/Custom (Likely)
YAHOO HOLDINGS INC,43.0,100.0,50,Tier 3 - Regular Sponsor (20-49 new hires),51 - Information,NEW YORK,NY,159,Workday/Custom (Likely)
CAREER SOFT SOLUTIONS INC,22.0,100.0,50,Tier 3 - Regular Sponsor (20-49 new hires),"54 - Professional, Scientific, and Technical Services",EDISON,NJ,160,Workday/Custom (Likely)
CROWE LLP,24.0,100.0,50,Tier 3 - Regular Sponsor (20-49 new hires),"54 - Professional, Scientific, and Technical Services",CHICAGO,IL,161,Unknown
"ASCENDION, INC. FORMERLY KNOWN AS COLLABERA, INC.",30.0,100.0,50,Tier 3 - Regular Sponsor (20-49 new hires),"54 - Professional, Scientific, and Technical Services",BASKING RIDGE,NJ,162,Workday/Custom (Likely)
ATLASSIAN US INC,24.0,100.0,50,Tier 3 - Regular Sponsor (20-49 new hires),"54 - Professional, Scientific, and Technical Services",MOUNTAIN VIEW,CA,163,Workday/Custom (Likely)
ROBLOX CORPORATION,27.0,100.0,50,Tier 3 - Regular Sponsor (20-49 new hires),51 - Information,SAN MATEO,CA,164,Workday/Custom (Likely)
LENORA SYSTEMS INC,31.0,100.0,50,Tier 3 - Regular Sponsor (20-49 new hires),"54 - Professional, Scientific, and Technical Services",REDMOND,WA,165,Workday/Custom (Likely)
EVERCORE PARTNERS SERVICES EAST LLC,30.0,100.0,50,Tier 3 - Regular Sponsor (20-49 new hires),52 - Finance and Insurance,NEW YORK,NY,166,Workday/Custom (Likely)
TUBMAN TECHNOLOGIES INC,22.0,100.0,50,Tier 3 - Regular Sponsor (20-49 new hires),"54 - Professional, Scientific, and Technical Services",ALPHARETTA,GA,167,Greenhouse/Lever (Likely)
JD LOGISTICS UNITED STATES COMPANY,22.0,100.0,50,Tier 3 - Regular Sponsor (20-49 new hires),"54 - Professional, Scientific, and Technical Services",FONTANA,CA,168,Unknown
MARKIT NORTH AMERICA INC,20.0,100.0,50,Tier 3 - Regular Sponsor (20-49 new hires),51 - Information,NEW YORK,NY,169,Workday/Custom (Likely)
TENCENT AMERICA LLC,22.0,100.0,50,Tier 3 - Regular Sponsor (20-49 new hires),"54 - Professional, Scientific, and Technical Services",PALO ALTO,CA,170,Workday/Custom (Likely)
NAVY FEDERAL CREDIT UNION,23.0,100.0,50,Tier 3 - Regular Sponsor (20-49 new hires),52 - Finance and Insurance,VIENNA,VA,171,Unknown
BIRLASOFT INC,42.0,97.7,50,Tier 3 - Regular Sponsor (20-49 new hires),"54 - Professional, Scientific, and Technical Services",EDISON,NJ,172,Workday/Custom (Likely)
NEO PRISM SOLUTIONS LLC,24.0,100.0,50,Tier 3 - Regular Sponsor (20-49 new hires),"54 - Professional, Scientific, and Technical Services",FRISCO,TX,173,Workday/Custom (Likely)
CAREMARK LLC,29.0,100.0,50,Tier 3 - Regular Sponsor (20-49 new hires),52 - Finance and Insurance,WOONSOCKET,RI,174,Workday/Custom (Likely)
THE SCRIPPS RESEARCH INSTITUTE,25.0,96.2,50,Tier 3 - Regular Sponsor (20-49 new hires),"54 - Professional, Scientific, and Technical Services",LA JOLLA,CA,175,Unknown
RIOT GAMES INC,24.0,100.0,50,Tier 3 - Regular Sponsor (20-49 new hires),"54 - Professional, Scientific, and Technical Services",LOS ANGELES,CA,176,Workday/Custom (Likely)
YERRALPHA LLC DBA SMD TECHNOSOL,32.0,100.0,50,Tier 3 - Regular Sponsor (20-49 new hires),"54 - Professional, Scientific, and Technical Services",DALLAS,TX,177,Greenhouse/Lever (Likely)
TEXAS A AND M AGRILIFE RESEARCH,30.0,100.0,50,Tier 3 - Regular Sponsor (20-49 new hires),"54 - Professional, Scientific, and Technical Services",COLLEGE STATION,TX,178,Unknown
COINBASE INC,25.0,100.0,50,Tier 3 - Regular Sponsor (20-49 new hires),52 - Finance and Insurance,OAKLAND,CA,179,Workday/Custom (Likely)
EPITEC INC,21.0,95.5,50,Tier 3 - Regular Sponsor (20-49 new hires),"54 - Professional, Scientific, and Technical Services",SOUTHFIELD,MI,180,Workday/Custom (Likely)
ITC INFOTECH USA INC,33.0,100.0,50,Tier 3 - Regular Sponsor (20-49 new hires),"54 - Professional, Scientific, and Technical Services",PARAMUS,NJ,181,Greenhouse/Lever (Likely)
INDEED INC,20.0,100.0,50,Tier 3 - Regular Sponsor (20-49 new hires),51 - Information,AUSTIN,TX,182,Workday/Custom (Likely)
PURE STORAGE INC,27.0,96.4,50,Tier 3 - Regular Sponsor (20-49 new hires),"54 - Professional, Scientific, and Technical Services",SANTA CLARA,CA,183,Workday/Custom (Likely)
LATHAM AND WATKINS LLP,33.0,97.1,50,Tier 3 - Regular Sponsor (20-49 new hires),"54 - Professional, Scientific, and Technical Services",NEW YORK,NY,184,Unknown
HUBSPOT INC,33.0,100.0,50,Tier 3 - Regular Sponsor (20-49 new hires),51 - Information,CAMBRIDGE,MA,185,Workday/Custom (Likely)
BIRLASOFT SOLUTIONS INC,35.0,100.0,50,Tier 3 - Regular Sponsor (20-49 new hires),"54 - Professional, Scientific, and Technical Services",EDISON,NJ,186,Workday/Custom (Likely)
AUTODESK INC,45.0,100.0,50,Tier 3 - Regular Sponsor (20-49 new hires),"54 - Professional, Scientific, and Technical Services",SAN FRANCISCO,CA,187,Workday/Custom (Likely)
LATENTVIEW ANALYTICS CORPORATION,36.0,97.3,50,Tier 3 - Regular Sponsor (20-49 new hires),"54 - Professional, Scientific, and Technical Services",PRINCETON,NJ,188,Workday/Custom (Likely)
CLOUDFLARE INC,24.0,100.0,50,Tier 3 - Regular Sponsor (20-49 new hires),51 - Information,SAN FRANCISCO,CA,189,Greenhouse/Lever (Likely)
PHOTON INFOTECH INC,23.0,100.0,50,Tier 3 - Regular Sponsor (20-49 new hires),"54 - Professional, Scientific, and Technical Services",DALLAS,TX,190,Greenhouse/Lever (Likely)
SLALOM INC,22.0,95.7,50,Tier 3 - Regular Sponsor (20-49 new hires),"54 - Professional, Scientific, and Technical Services",SEATTLE,WA,191,Workday/Custom (Likely)
WORKDAY INC,30.0,100.0,50,Tier 3 - Regular Sponsor (20-49 new hires),"54 - Professional, Scientific, and Technical Services",PLEASANTON,CA,192,Workday/Custom (Likely)
WHITE AND CASE LLP,31.0,100.0,50,Tier 3 - Regular Sponsor (20-49 new hires),"54 - Professional, Scientific, and Technical Services",NEW YORK,NY,193,Unknown
SOFT PARCH LLC,20.0,100.0,50,Tier 3 - Regular Sponsor (20-49 new hires),"54 - Professional, Scientific, and Technical Services",CASPER,WY,194,Workday/Custom (Likely)
MAXSOFT IT LLC,20.0,100.0,50,Tier 3 - Regular Sponsor (20-49 new hires),"54 - Professional, Scientific, and Technical Services",MCKINNEY,TX,195,Workday/Custom (Likely)
C3 AI INC,27.0,100.0,50,Tier 3 - Regular Sponsor (20-49 new hires),51 - Information,REDWOOD CITY,CA,196,Workday/Custom (Likely)
NETAPP INC,23.0,100.0,50,Tier 3 - Regular Sponsor (20-49 new hires),"54 - Professional, Scientific, and Technical Services",SAN JOSE,CA,197,Workday/Custom (Likely)
TRIAD NATIONAL SECURITY LLC,42.0,100.0,50,Tier 3 - Regular Sponsor (20-49 new hires),"54 - Professional, Scientific, and Technical Services",LOS ALAMOS,NM,198,Workday/Custom (Likely)
FERMI FORWARD DISCOVERY GROUP LLC,20.0,100.0,50,Tier 3 - Regular Sponsor (20-49 new hires),"54 - Professional, Scientific, and Technical Services",BATAVIA,IL,199,Workday/Custom (Likely)
THE BOSTON CONSULTING GROUP INC,20.0,100.0,50,Tier 3 - Regular Sponsor (20-49 new hires),"54 - Professional, Scientific, and Technical Services",BOSTON,MA,200,Custom
SOLSTICE SOLUTIONS INC,38.0,100.0,50,Tier 3 - Regular Sponsor (20-49 new hires),"54 - Professional, Scientific, and Technical Services",HARTFORD,CT,201,Workday/Custom (Likely)
DISCOVER PRODUCTS INC,27.0,100.0,50,Tier 3 - Regular Sponsor (20-49 new hires),52 - Finance and Insurance,RIVERWOODS,IL,202,Workday/Custom (Likely)
"MASTECH DIGITAL TECHNOLOGIES, INC., A MASTECH DIGITAL, INC. COMPANY",22.0,100.0,50,Tier 3 - Regular Sponsor (20-49 new hires),"54 - Professional, Scientific, and Technical Services",MOON TOWNSHIP,PA,203,Greenhouse/Lever (Likely)
ALLIANCE FOR SUSTAINABLE ENERGY LLC,42.0,100.0,50,Tier 3 - Regular Sponsor (20-49 new hires),"54 - Professional, Scientific, and Technical Services",GOLDEN,CO,204,Workday/Custom (Likely)
NOMURA HOLDING AMERICA INC,27.0,100.0,50,Tier 3 - Regular Sponsor (20-49 new hires),52 - Finance and Insurance,NEW YORK,NY,205,Workday/Custom (Likely)
REGENERON PHARMACEUTICALS INC,44.0,97.8,50,Tier 3 - Regular Sponsor (20-49 new hires),"54 - Professional, Scientific, and Technical Services",TARRYTOWN,NY,206,Workday/Custom (Likely)
NOMURA SECURITIES INTERNATIONAL INC,29.0,100.0,50,Tier 3 - Regular Sponsor (20-49 new hires),52 - Finance and Insurance,NEW YORK,NY,207,Workday (Likely)
HEALTH CARE SERVICE CORPORATION,22.0,100.0,50,Tier 3 - Regular Sponsor (20-49 new hires),52 - Finance and Insurance,CHICAGO,IL,208,Workday/Custom (Likely)
ALLEN INSTITUTE,21.0,100.0,50,Tier 3 - Regular Sponsor (20-49 new hires),"54 - Professional, Scientific, and Technical Services",SEATTLE,WA,209,Unknown
A T KEARNEY INC,21.0,95.5,50,Tier 3 - Regular Sponsor (20-49 new hires),"54 - Professional, Scientific, and Technical Services",CHICAGO,IL,210,Workday/Custom (Likely)
GENPACT LLC,36.0,97.3,50,Tier 3 - Regular Sponsor (20-49 new hires),"54 - Professional, Scientific, and Technical Services",SHORT HILLS,NJ,211,Workday/Custom (Likely)
MOTT MACDONALD GROUP INC,23.0,100.0,50,Tier 3 - Regular Sponsor (20-49 new hires),"54 - Professional, Scientific, and Technical Services",SAN RAMON,CA,212,Workday/Custom (Likely)
THE BANK OF NEW YORK MELLON,35.0,100.0,50,Tier 3 - Regular Sponsor (20-49 new hires),52 - Finance and Insurance,PITTSBURGH,PA,213,Workday (Likely)
THE METHODIST HOSPITAL RESEARCH INSTITUTE,43.0,97.7,50,Tier 3 - Regular Sponsor (20-49 new hires),"54 - Professional, Scientific, and Technical Services",HOUSTON,TX,214,Unknown
INFOGAIN CORPORATION,25.0,100.0,50,Tier 3 - Regular Sponsor (20-49 new hires),"54 - Professional, Scientific, and Technical Services",LOS GATOS,CA,215,Workday/Custom (Likely)
INGRAM MICRO INC,22.0,95.7,50,Tier 3 - Regular Sponsor (20-49 new hires),"54 - Professional, Scientific, and Technical Services",IRVINE,CA,216,Workday/Custom (Likely)
ALIXPARTNERS LLP,25.0,100.0,50,Tier 3 - Regular Sponsor (20-49 new hires),"54 - Professional, Scientific, and Technical Services",SOUTHFIELD,MI,217,Unknown
HTC GLOBAL SERVICES INC,29.0,100.0,50,Tier 3 - Regular Sponsor (20-49 new hires),"54 - Professional, Scientific, and Technical Services",TROY,MI,218,Workday/Custom (Likely)
MASTERCARD INTERNATIONAL INCORPORATED,24.0,100.0,50,Tier 3 - Regular Sponsor (20-49 new hires),52 - Finance and Insurance,PURCHASE,NY,219,Workday/Custom (Likely)
MASTERCARD TECHNOLOGIES LLC,30.0,100.0,50,Tier 3 - Regular Sponsor (20-49 new hires),52 - Finance and Insurance,O FALLON,MO,220,Greenhouse/Lever (Likely)
COMCAST CABLE COMMUNICATIONS LLC,31.0,100.0,50,Tier 3 - Regular Sponsor (20-49 new hires),51 - Information,PHILADELPHIA,PA,221,Workday/Custom (Likely)
STATE STREET BANK AND TRUST COMPANY,42.0,95.5,50,Tier 3 - Regular Sponsor (20-49 new hires),52 - Finance and Insurance,BOSTON,MA,222,Workday (Likely)
UNITED WHOLESALE MORTGAGE LLC,34.0,97.1,50,Tier 3 - Regular Sponsor (20-49 new hires),52 - Finance and Insurance,PONTIAC,MI,223,Workday/Custom (Likely)
SAI BUSINESS SOLUTIONS LLC,24.0,100.0,50,Tier 3 - Regular Sponsor (20-49 new hires),"54 - Professional, Scientific, and Technical Services",FULSHEAR,TX,224,Workday/Custom (Likely)
AMERICAN EXPRESS COMPANY,49.0,98.0,50,Tier 3 - Regular Sponsor (20-49 new hires),52 - Finance and Insurance,NEW YORK,NY,225,Unknown
ANTHROPIC PBC,25.0,96.2,50,Tier 3 - Regular Sponsor (20-49 new hires),"54 - Professional, Scientific, and Technical Services",SAN FRANCISCO,CA,226,Unknown
FRACTAL ANALYTICS INC,23.0,100.0,50,Tier 3 - Regular Sponsor (20-49 new hires),"54 - Professional, Scientific, and Technical Services",NEW YORK,NY,227,Workday/Custom (Likely)
PRISTEN IT SYSTEMS INC,20.0,100.0,50,Tier 3 - Regular Sponsor (20-49 new hires),51 - Information,TEMPLE,TX,228,Workday/Custom (Likely)
"INFORMATION TECHNOLOGY AND MANAGEMENT CONSULTING, INC.",24.0,96.0,50,Tier 3 - Regular Sponsor (20-49 new hires),"54 - Professional, Scientific, and Technical Services",PARSIPPANY,NJ,229,Greenhouse/Lever (Likely)
CONFLUENT INC,23.0,100.0,50,Tier 3 - Regular Sponsor (20-49 new hires),51 - Information,MOUNTAIN VIEW,CA,230,Workday/Custom (Likely)
DEUTSCHE BANK SECURITIES INC,46.0,100.0,50,Tier 3 - Regular Sponsor (20-49 new hires),52 - Finance and Insurance,NEW YORK,NY,231,Workday (Likely)
ZIPLINE INTERNATIONAL INC,20.0,100.0,50,Tier 3 - Regular Sponsor (20-49 new hires),"54 - Professional, Scientific, and Technical Services",SOUTH SAN FRANCISCO,CA,232,Workday/Custom (Likely)
TWO SIGMA INVESTMENTS LP,28.0,100.0,50,Tier 3 - Regular Sponsor (20-49 new hires),52 - Finance and Insurance,NEW YORK,NY,233,Unknown
COLLABERA LLC,26.0,100.0,50,Tier 3 - Regular Sponsor (20-49 new hires),"54 - Professional, Scientific, and Technical Services",BASKING RIDGE,NJ,234,Workday/Custom (Likely)
STRATEGIC SYSTEMS INC,27.0,100.0,50,Tier 3 - Regular Sponsor (20-49 new hires),51 - Information,DUBLIN,OH,235,Workday/Custom (Likely)
ZS ASSOCIATES INC,28.0,100.0,50,Tier 3 - Regular Sponsor (20-49 new hires),"54 - Professional, Scientific, and Technical Services",EVANSTON,IL,236,Workday/Custom (Likely)
SCHWEITZER ENGINEERING LABORATORIES INC,21.0,100.0,50,Tier 3 - Regular Sponsor (20-49 new hires),"54 - Professional, Scientific, and Technical Services",PULLMAN,WA,237,Workday/Custom (Likely)
ANCILE INC,23.0,100.0,50,Tier 3 - Regular Sponsor (20-49 new hires),"54 - Professional, Scientific, and Technical Services",DENTON,TX,238,Workday/Custom (Likely)
OPENAI OPCO LLC,21.0,100.0,50,Tier 3 - Regular Sponsor (20-49 new hires),"54 - Professional, Scientific, and Technical Services",SAN FRANCISCO,CA,239,Workday/Custom (Likely)
PAYCOM PAYROLL LLC,31.0,100.0,50,Tier 3 - Regular Sponsor (20-49 new hires),"54 - Professional, Scientific, and Technical Services",OKLAHOMA CITY,OK,240,Workday/Custom (Likely)
RBC CAPITAL MARKETS LLC,34.0,100.0,50,Tier 3 - Regular Sponsor (20-49 new hires),52 - Finance and Insurance,MINNEAPOLIS,MN,241,Workday (Likely)
ELITE IT TECHNOLOGIES LLC,24.0,100.0,50,Tier 3 - Regular Sponsor (20-49 new hires),"54 - Professional, Scientific, and Technical Services",ORLANDO,FL,242,Greenhouse/Lever (Likely)
UBS BUSINESS SOLUTIONS US LLC,46.0,100.0,50,Tier 3 - Regular Sponsor (20-49 new hires),52 - Finance and Insurance,NASHVILLE,TN,243,Workday/Custom (Likely)
CHIME FINANCIAL INC,36.0,100.0,50,Tier 3 - Regular Sponsor (20-49 new hires),52 - Finance and Insurance,SAN FRANCISCO,CA,244,Workday (Likely)
3I INFOTECH INC,22.0,100.0,50,Tier 3 - Regular Sponsor (20-49 new hires),"54 - Professional, Scientific, and Technical Services",EDISON,NJ,245,Greenhouse/Lever (Likely)
SIEMENS MOBILITY INC,29.0,100.0,50,Tier 3 - Regular Sponsor (20-49 new hires),"54 - Professional, Scientific, and Technical Services",NEW YORK,NY,246,Workday/Custom (Likely)
RED HAT INC,43.0,100.0,50,Tier 3 - Regular Sponsor (20-49 new hires),"54 - Professional, Scientific, and Technical Services",RALEIGH,NC,247,Workday/Custom (Likely)
UBS SECURITIES LLC,37.0,100.0,50,Tier 3 - Regular Sponsor (20-49 new hires),52 - Finance and Insurance,NASHVILLE,TN,248,Workday (Likely)
SUMITOMO MITSUI BANKING CORPORATION,33.0,97.1,50,Tier 3 - Regular Sponsor (20-49 new hires),52 - Finance and Insurance,NEW YORK,NY,249,Workday (Likely)
FMR LLC D B A FIDELITY INVESTMENTS,22.0,100.0,50,Tier 3 - Regular Sponsor (20-49 new hires),52 - Finance and Insurance,BOSTON,MA,250,Workday/Custom (Likely)
INFINITE COMPUTER SOLUTIONS INC,42.0,95.5,50,Tier 3 - Regular Sponsor (20-49 new hires),"54 - Professional, Scientific, and Technical Services",ROCKVILLE,MD,251,Workday/Custom (Likely)
"TECH TAMMINA, LLC",24.0,100.0,50,Tier 3 - Regular Sponsor (20-49 new hires),"54 - Professional, Scientific, and Technical Services",CHANTILLY,VA,252,Greenhouse/Lever (Likely)
INTERSYSTEMS CORPORATION,26.0,96.3,50,Tier 3 - Regular Sponsor (20-49 new hires),51 - Information,BOSTON,MA,253,Workday/Custom (Likely)
AUDIBLE INC,30.0,100.0,50,Tier 3 - Regular Sponsor (20-49 new hires),51 - Information,NEWARK,NJ,254,Workday/Custom (Likely)
CRA INTERNATIONAL INC,37.0,100.0,50,Tier 3 - Regular Sponsor (20-49 new hires),"54 - Professional, Scientific, and Technical Services",BOSTON,MA,255,Workday/Custom (Likely)
PAUL WEISS RIFKIND WHARTON AND GARRISON LLP,37.0,100.0,50,Tier 3 - Regular Sponsor (20-49 new hires),"54 - Professional, Scientific, and Technical Services",NEW YORK,NY,256,Unknown
STRIPE INC,23.0,100.0,50,Tier 3 - Regular Sponsor (20-49 new hires),52 - Finance and Insurance,S SAN FRAN,CA,257,Workday/Custom (Likely)
BROAD INSTITUTE,41.0,100.0,50,Tier 3 - Regular Sponsor (20-49 new hires),51 - Information,STOW,MA,258,Unknown
NEW YORK LIFE INSURANCE COMPANY,21.0,95.5,50,Tier 3 - Regular Sponsor (20-49 new hires),52 - Finance and Insurance,NEW YORK,NY,259,Unknown
THE NORTHERN TRUST COMPANY,20.0,95.2,50,Tier 3 - Regular Sponsor (20-49 new hires),52 - Finance and Insurance,CHICAGO,IL,260,Unknown
NUTANIX INC,47.0,100.0,50,Tier 3 - Regular Sponsor (20-49 new hires),51 - Information,SAN JOSE,CA,261,Workday/Custom (Likely)
BALYASNY ASSET MANAGEMENT L P,20.0,100.0,50,Tier 3 - Regular Sponsor (20-49 new hires),52 - Finance and Insurance,CHICAGO,IL,262,Unknown
WILLIS TOWERS WATSON US LLC,23.0,100.0,50,Tier 3 - Regular Sponsor (20-49 new hires),"54 - Professional, Scientific, and Technical Services",NEW YORK,NY,263,Workday/Custom (Likely)
DAVIS POLK AND WARDWELL LLP,34.0,97.1,50,Tier 3 - Regular Sponsor (20-49 new hires),"54 - Professional, Scientific, and Technical Services",NEW YORK,NY,264,Unknown
DISH NETWORK LLC,35.0,100.0,50,Tier 3 - Regular Sponsor (20-49 new hires),51 - Information,ENGLEWOOD,CO,265,Workday/Custom (Likely)
RESEARCH FOUNDATION FOR THE STATE UNIVERSITY OF NEW YORK,36.0,100.0,50,Tier 3 - Regular Sponsor (20-49 new hires),"54 - Professional, Scientific, and Technical Services",ALBANY,NY,266,Unknown
EUROFINS LANCASTER LABORATORIES PROFESSIONAL SCIENTIFIC SERVICES LLC,32.0,100.0,50,Tier 3 - Regular Sponsor (20-49 new hires),"54 - Professional, Scientific, and Technical Services",LANCASTER,PA,267,Workday/Custom (Likely)
ANSYS INC,20.0,100.0,50,Tier 3 - Regular Sponsor (20-49 new hires),51 - Information,CANONSBURG,PA,268,Workday/Custom (Likely)
RESEARCH INST NWIDE CHILDRENS HOSP,23.0,100.0,50,Tier 3 - Regular Sponsor (20-49 new hires),"54 - Professional, Scientific, and Technical Services",COLUMBUS,OH,269,Unknown
VIBRANT INFOTECH INC,22.0,95.7,50,Tier 3 - Regular Sponsor (20-49 new hires),"54 - Professional, Scientific, and Technical Services",FRISCO,TX,270,Greenhouse/Lever (Likely)
BROOKHAVEN NATIONAL LABORATORY,42.0,100.0,50,Tier 3 - Regular Sponsor (20-49 new hires),"54 - Professional, Scientific, and Technical Services",UPTON,NY,271,Unknown
GLOSOFT TECHNOLOGIES LLC,25.0,100.0,50,Tier 3 - Regular Sponsor (20-49 new hires),"54 - Professional, Scientific, and Technical Services",HOUSTON,FL,272,Greenhouse/Lever (Likely)
ANALYTIQ TECHNO SOFT LLC,24.0,96.0,50,Tier 3 - Regular Sponsor (20-49 new hires),"54 - Professional, Scientific, and Technical Services",HAMILTON,NJ,273,Greenhouse/Lever (Likely)
"CREDIT ONE BANK, N.A.",20.0,100.0,50,Tier 3 - Regular Sponsor (20-49 new hires),52 - Finance and Insurance,LAS VEGAS,NV,274,Workday (Likely)
DOORDASH INC,45.0,100.0,50,Tier 3 - Regular Sponsor (20-49 new hires),"54 - Professional, Scientific, and Technical Services",SAN FRANCISCO,CA,275,Workday/Custom (Likely)
COGNIER INC,26.0,100.0,50,Tier 3 - Regular Sponsor (20-49 new hires),"54 - Professional, Scientific, and Technical Services",BUFORD,GA,276,Workday/Custom (Likely)
MONGODB INC,21.0,95.5,50,Tier 3 - Regular Sponsor (20-49 new hires),51 - Information,NEW YORK,NY,277,Workday/Custom (Likely)
VISA TECHNOLOGY AND OPERATIONS LLC,46.0,97.9,50,Tier 3 - Regular Sponsor (20-49 new hires),52 - Finance and Insurance,FOSTER CITY,CA,278,Greenhouse/Lever (Likely)
WSP USA BUILDINGS INC,20.0,100.0,50,Tier 3 - Regular Sponsor (20-49 new hires),"54 - Professional, Scientific, and Technical Services",NEW YORK,NY,279,Workday/Custom (Likely)
BAIN AND COMPANY INC,33.0,97.1,50,Tier 3 - Regular Sponsor (20-49 new hires),"54 - Professional, Scientific, and Technical Services",BOSTON,MA,280,Workday/Custom (Likely)
CITADEL SECURITIES AMERICAS SERVICES LLC,45.0,93.8,45,Tier 3 - Regular Sponsor (20-49 new hires),52 - Finance and Insurance,MIAMI,FL,281,Workday (Likely)
MERCK SHARP AND DOHME LLC,35.0,94.6,45,Tier 3 - Regular Sponsor (20-49 new hires),"54 - Professional, Scientific, and Technical Services",RAHWAY,NJ,282,Workday/Custom (Likely)
CGI TECHNOLOGIES AND SOLUTIONS INC,47.0,94.0,45,Tier 3 - Regular Sponsor (20-49 new hires),"54 - Professional, Scientific, and Technical Services",FAIRFAX,VA,283,Greenhouse/Lever (Likely)
DIGITALTREE LLC,32.0,94.1,45,Tier 3 - Regular Sponsor (20-49 new hires),"54 - Professional, Scientific, and Technical Services",ALLENTOWN,PA,284,Greenhouse/Lever (Likely)
COFORGE LIMITED,27.0,93.1,45,Tier 3 - Regular Sponsor (20-49 new hires),"54 - Professional, Scientific, and Technical Services",PRINCETON,NJ,285,Unknown
ANTRA INC,32.0,94.1,45,Tier 3 - Regular Sponsor (20-49 new hires),"54 - Professional, Scientific, and Technical Services",STERLING,VA,286,Workday/Custom (Likely)
TATA TECHNOLOGIES INC,32.0,94.1,45,Tier 3 - Regular Sponsor (20-49 new hires),"54 - Professional, Scientific, and Technical Services",DETROIT,MI,287,Greenhouse/Lever (Likely)
BLACKSTONE INC,24.0,92.3,45,Tier 3 - Regular Sponsor (20-49 new hires),52 - Finance and Insurance,NEW YORK,NY,288,Workday/Custom (Likely)
ROBINHOOD MARKETS INC,23.0,92.0,45,Tier 3 - Regular Sponsor (20-49 new hires),52 - Finance and Insurance,MENLO PARK,CA,289,Workday/Custom (Likely)
PEOPLE TECH GROUP INC,21.0,91.3,45,Tier 3 - Regular Sponsor (20-49 new hires),"54 - Professional, Scientific, and Technical Services",REDMOND,WA,290,Greenhouse/Lever (Likely)
EXPERIS US LLC,22.0,91.7,45,Tier 3 - Regular Sponsor (20-49 new hires),"54 - Professional, Scientific, and Technical Services",MILWAUKEE,WI,291,Workday/Custom (Likely)
SQUAD SOFTWARE INC,32.0,94.1,45,Tier 3 - Regular Sponsor (20-49 new hires),"54 - Professional, Scientific, and Technical Services",DALLAS,TX,292,Greenhouse/Lever (Likely)
BARCLAYS CAPITAL INC,23.0,92.0,45,Tier 3 - Regular Sponsor (20-49 new hires),52 - Finance and Insurance,NEW YORK,NY,293,Workday (Likely)
PRODAPT NORTH AMERICA INC,22.0,91.7,45,Tier 3 - Regular Sponsor (20-49 new hires),"54 - Professional, Scientific, and Technical Services",PORTLAND,OR,294,Workday/Custom (Likely)
ATOS SYNTEL INC,32.0,94.1,45,Tier 3 - Regular Sponsor (20-49 new hires),"54 - Professional, Scientific, and Technical Services",TROY,MI,295,Workday/Custom (Likely)
CHARLES SCHWAB AND COMPANY INC,26.0,92.9,45,Tier 3 - Regular Sponsor (20-49 new hires),52 - Finance and Insurance,WESTLAKE,TX,296,Workday/Custom (Likely)
HONEYWELL INTERNATIONAL INC,34.0,94.4,45,Tier 3 - Regular Sponsor (20-49 new hires),"54 - Professional, Scientific, and Technical Services",CHARLOTTE,NC,297,Workday/Custom (Likely)
CORTEVA AGRISCIENCE LLC,22.0,91.7,45,Tier 3 - Regular Sponsor (20-49 new hires),"54 - Professional, Scientific, and Technical Services",INDIANAPOLIS,IN,298,Workday/Custom (Likely)
BNP PARIBAS SECURITIES CORP,31.0,91.2,45,Tier 3 - Regular Sponsor (20-49 new hires),52 - Finance and Insurance,JERSEY CITY,NJ,299,Workday (Likely)
CAPITAL IT SOLUTIONS INC,32.0,88.9,40,Tier 3 - Regular Sponsor (20-49 new hires),"54 - Professional, Scientific, and Technical Services",ASHBURN,VA,300,Workday (Likely)
ZOOM COMMUNICATIONS INC,20.0,87.0,40,Tier 3 - Regular Sponsor (20-49 new hires),"54 - Professional, Scientific, and Technical Services",SAN JOSE,CA,301,Workday/Custom (Likely)
AMAZON DEVELOPMENT CENTER US INC,24.0,85.7,40,Tier 3 - Regular Sponsor (20-49 new hires),51 - Information,ARLINGTON,VA,302,Custom
QUADRANT RESOURCE LLC,25.0,89.3,40,Tier 3 - Regular Sponsor (20-49 new hires),"54 - Professional, Scientific, and Technical Services",NEPTUNE,NJ,303,Workday/Custom (Likely)
FORTHRIGHT SOFT INC,22.0,56.4,30,Tier 3 - Regular Sponsor (20-49 new hires),"54 - Professional, Scientific, and Technical Services",NEW YORK,NY,304,Workday/Custom (Likely)
GURUSCHOOLS LLC,18.0,100.0,40,Tier 4 - Occasional Sponsor (10-19 new hires),"54 - Professional, Scientific, and Technical Services",PRINCETON,NJ,305,Workday/Custom (Likely)
INTERNATIONAL TECHNOLOGY SOLUTIONS,11.0,100.0,40,Tier 4 - Occasional Sponsor (10-19 new hires),"54 - Professional, Scientific, and Technical Services",SKILLMAN,NJ,306,Greenhouse/Lever (Likely)
MAARISOFT SOLUTIONS LLC,11.0,100.0,40,Tier 4 - Occasional Sponsor (10-19 new hires),"54 - Professional, Scientific, and Technical Services",PLANO,TX,307,Workday/Custom (Likely)
GSPANN TECHNOLOGIES INC,17.0,100.0,40,Tier 4 - Occasional Sponsor (10-19 new hires),"54 - Professional, Scientific, and Technical Services",MILPITAS,CA,308,Greenhouse/Lever (Likely)
LOGIC LOOPS LLC,12.0,100.0,40,Tier 4 - Occasional Sponsor (10-19 new hires),"54 - Professional, Scientific, and Technical Services",ALPHARETTA,GA,309,Workday/Custom (Likely)
INDOTRONIX INTERNATIONAL CORPORATION,10.0,100.0,40,Tier 4 - Occasional Sponsor (10-19 new hires),"54 - Professional, Scientific, and Technical Services",ROCHESTER,NY,310,Workday/Custom (Likely)
CVS PHARMACY INC,13.0,100.0,40,Tier 4 - Occasional Sponsor (10-19 new hires),52 - Finance and Insurance,WOONSOCKET,RI,311,Workday/Custom (Likely)
ONIX NETWORKING CORP,10.0,100.0,40,Tier 4 - Occasional Sponsor (10-19 new hires),"54 - Professional, Scientific, and Technical Services",WESTLAKE,OH,312,Workday/Custom (Likely)
SONATA SOFTWARE NORTH AMERICA INC,12.0,100.0,40,Tier 4 - Occasional Sponsor (10-19 new hires),"54 - Professional, Scientific, and Technical Services",FREMONT,CA,313,Greenhouse/Lever (Likely)
AURORA OPERATIONS INC,18.0,100.0,40,Tier 4 - Occasional Sponsor (10-19 new hires),"54 - Professional, Scientific, and Technical Services",PITTSBURGH,PA,314,Workday/Custom (Likely)
CUMMING MANAGEMENT GROUP INC D B A CUMMING CORPORATION,10.0,100.0,40,Tier 4 - Occasional Sponsor (10-19 new hires),"54 - Professional, Scientific, and Technical Services",SAN DIEGO,CA,315,Workday/Custom (Likely)
CREDIT KARMA LLC,13.0,100.0,40,Tier 4 - Occasional Sponsor (10-19 new hires),"54 - Professional, Scientific, and Technical Services",OAKLAND,CA,316,Workday/Custom (Likely)
COHESITY INC,13.0,100.0,40,Tier 4 - Occasional Sponsor (10-19 new hires),"54 - Professional, Scientific, and Technical Services",SAN JOSE,CA,317,Workday/Custom (Likely)
EMAESTRO TECHNOLOGIES INC,12.0,100.0,40,Tier 4 - Occasional Sponsor (10-19 new hires),"54 - Professional, Scientific, and Technical Services",PARSIPPANY,NJ,318,Greenhouse/Lever (Likely)
INTERCONTINENTAL EXCHANGE HOLDINGS INC,19.0,100.0,40,Tier 4 - Occasional Sponsor (10-19 new hires),52 - Finance and Insurance,ATLANTA,GA,319,Workday/Custom (Likely)
BARCLAYS SERVICES LLC,12.0,100.0,40,Tier 4 - Occasional Sponsor (10-19 new hires),52 - Finance and Insurance,NEW YORK,NY,320,Workday/Custom (Likely)
INTELLECTT INC,19.0,100.0,40,Tier 4 - Occasional Sponsor (10-19 new hires),"54 - Professional, Scientific, and Technical Services",ISELIN,NJ,321,Workday/Custom (Likely)
BANK OF CHINA,14.0,100.0,40,Tier 4 - Occasional Sponsor (10-19 new hires),52 - Finance and Insurance,NEW YORK,NY,322,Workday (Likely)
SPOTIFY USA INC,18.0,100.0,40,Tier 4 - Occasional Sponsor (10-19 new hires),51 - Information,NEW YORK,NY,323,Workday/Custom (Likely)
AIG PC GLOBAL SERVICES INC,11.0,100.0,40,Tier 4 - Occasional Sponsor (10-19 new hires),52 - Finance and Insurance,JERSEY CITY,NJ,324,Workday/Custom (Likely)
AURORA ENERGY RESEARCH LLC,10.0,100.0,40,Tier 4 - Occasional Sponsor (10-19 new hires),"54 - Professional, Scientific, and Technical Services",AUSTIN,TX,325,Workday/Custom (Likely)
INTELLISOFT SYSTEMS LLC,16.0,100.0,40,Tier 4 - Occasional Sponsor (10-19 new hires),"54 - Professional, Scientific, and Technical Services",ALPHARETTA,GA,326,Workday/Custom (Likely)
SK TECHNOLOGIES INC - DE,12.0,100.0,40,Tier 4 - Occasional Sponsor (10-19 new hires),"54 - Professional, Scientific, and Technical Services",NEWARK,DE,327,Greenhouse/Lever (Likely)
BANCO SANTANDER S A NEW YORK BRANCH,15.0,100.0,40,Tier 4 - Occasional Sponsor (10-19 new hires),52 - Finance and Insurance,NEW YORK,NY,328,Unknown
SCHRODINGER INC,16.0,100.0,40,Tier 4 - Occasional Sponsor (10-19 new hires),"54 - Professional, Scientific, and Technical Services",NEW YORK,NY,329,Workday/Custom (Likely)
EQUINIX INC,16.0,100.0,40,Tier 4 - Occasional Sponsor (10-19 new hires),"54 - Professional, Scientific, and Technical Services",REDWOOD CITY,CA,330,Workday/Custom (Likely)
TACHYON TECHNOLOGIES LLC,11.0,100.0,40,Tier 4 - Occasional Sponsor (10-19 new hires),"54 - Professional, Scientific, and Technical Services",SOUTHLAKE,TX,331,Greenhouse/Lever (Likely)
VALUELABS INC,16.0,100.0,40,Tier 4 - Occasional Sponsor (10-19 new hires),"54 - Professional, Scientific, and Technical Services",CHICAGO,IL,332,Workday/Custom (Likely)
AXTRIA INC,17.0,100.0,40,Tier 4 - Occasional Sponsor (10-19 new hires),"54 - Professional, Scientific, and Technical Services",BERKELEY HEIGHTS,NJ,333,Workday/Custom (Likely)
CNET GLOBAL SOLUTIONS INC,10.0,100.0,40,Tier 4 - Occasional Sponsor (10-19 new hires),"54 - Professional, Scientific, and Technical Services",RICHARDSON,TX,334,Workday/Custom (Likely)
SQUAREPOINT SERVICES US LLC,10.0,100.0,40,Tier 4 - Occasional Sponsor (10-19 new hires),52 - Finance and Insurance,NEW YORK,NY,335,Workday/Custom (Likely)
COMPASS LEXECON LLC,11.0,100.0,40,Tier 4 - Occasional Sponsor (10-19 new hires),"54 - Professional, Scientific, and Technical Services",BOWIE,MD,336,Workday/Custom (Likely)
BAYER RESEARCH AND DEVELOPMENT SERVICES LLC,18.0,100.0,40,Tier 4 - Occasional Sponsor (10-19 new hires),"54 - Professional, Scientific, and Technical Services",SAINT LOUIS,MO,337,Workday/Custom (Likely)
PRICEWATERHOUSECOOPERS LLP,17.0,100.0,40,Tier 4 - Occasional Sponsor (10-19 new hires),"54 - Professional, Scientific, and Technical Services",TAMPA,FL,338,Unknown
CITADEL ENTERPRISE AMERICAS SERVICES LLC,18.0,100.0,40,Tier 4 - Occasional Sponsor (10-19 new hires),52 - Finance and Insurance,MIAMI,FL,339,Workday/Custom (Likely)
ETOS TECHNOLOGIES INC,10.0,100.0,40,Tier 4 - Occasional Sponsor (10-19 new hires),"54 - Professional, Scientific, and Technical Services",DALLAS,TX,340,Greenhouse/Lever (Likely)
EPAM SYSTEMS INC,10.0,100.0,40,Tier 4 - Occasional Sponsor (10-19 new hires),"54 - Professional, Scientific, and Technical Services",NEWTOWN,PA,341,Workday/Custom (Likely)
"HATCH ASSOCIATES CONSULTANTS, INC.",11.0,100.0,40,Tier 4 - Occasional Sponsor (10-19 new hires),"54 - Professional, Scientific, and Technical Services",PITTSBURGH,PA,342,Workday/Custom (Likely)
SYNERGYASSURE INC,10.0,100.0,40,Tier 4 - Occasional Sponsor (10-19 new hires),"54 - Professional, Scientific, and Technical Services",GRAPEVINE,TX,343,Workday/Custom (Likely)
COTIVITI INC,12.0,100.0,40,Tier 4 - Occasional Sponsor (10-19 new hires),"54 - Professional, Scientific, and Technical Services",SOUTH JORDAN,UT,344,Workday/Custom (Likely)
CGG SERVICES U S INC DBA VIRIDIEN,11.0,100.0,40,Tier 4 - Occasional Sponsor (10-19 new hires),"54 - Professional, Scientific, and Technical Services",HOUSTON,TX,345,Workday/Custom (Likely)
HOLTEC INTERNATIONAL,10.0,100.0,40,Tier 4 - Occasional Sponsor (10-19 new hires),"54 - Professional, Scientific, and Technical Services",CAMDEN,NJ,346,Unknown
MARSH USA LLC,12.0,100.0,40,Tier 4 - Occasional Sponsor (10-19 new hires),52 - Finance and Insurance,NEW YORK,NY,347,Workday/Custom (Likely)
OKTA INC,12.0,100.0,40,Tier 4 - Occasional Sponsor (10-19 new hires),"54 - Professional, Scientific, and Technical Services",SAN FRANCISCO,CA,348,Workday/Custom (Likely)
SOFTWORLD TECHNOLOGIES LLC,10.0,100.0,40,Tier 4 - Occasional Sponsor (10-19 new hires),"54 - Professional, Scientific, and Technical Services",DES MOINES,IA,349,Greenhouse/Lever (Likely)
MOLOCO INC,19.0,95.0,40,Tier 4 - Occasional Sponsor (10-19 new hires),"54 - Professional, Scientific, and Technical Services",REDWOOD CITY,CA,350,Workday/Custom (Likely)
CHARTER COMMUNICATIONS INC,18.0,100.0,40,Tier 4 - Occasional Sponsor (10-19 new hires),51 - Information,ST LOUIS,MO,351,Workday/Custom (Likely)
MASE INSIGHTS LLC,11.0,100.0,40,Tier 4 - Occasional Sponsor (10-19 new hires),"54 - Professional, Scientific, and Technical Services",MIDDLETOWN,PA,352,Workday/Custom (Likely)
COMMURE INC,16.0,100.0,40,Tier 4 - Occasional Sponsor (10-19 new hires),"54 - Professional, Scientific, and Technical Services",MOUNTAIN VIEW,CA,353,Workday/Custom (Likely)
ECLINICALWORKS LLC,12.0,100.0,40,Tier 4 - Occasional Sponsor (10-19 new hires),"54 - Professional, Scientific, and Technical Services",WESTBOROUGH,MA,354,Workday/Custom (Likely)
INFODAT INTERNATIONAL INC,11.0,100.0,40,Tier 4 - Occasional Sponsor (10-19 new hires),"54 - Professional, Scientific, and Technical Services",HOUSTON,TX,355,Workday/Custom (Likely)
EQUITAS IT INC,13.0,100.0,40,Tier 4 - Occasional Sponsor (10-19 new hires),"54 - Professional, Scientific, and Technical Services",FRISCO,TX,356,Workday/Custom (Likely)
SBAS IT SYSTEMS INC,10.0,100.0,40,Tier 4 - Occasional Sponsor (10-19 new hires),"54 - Professional, Scientific, and Technical Services",DALLAS,TX,357,Workday/Custom (Likely)
FRESHFIELDS US LLP,10.0,100.0,40,Tier 4 - Occasional Sponsor (10-19 new hires),"54 - Professional, Scientific, and Technical Services",NEW YORK,NY,358,Unknown
CORPORATE SOLUTIONS GENERAL INC,14.0,100.0,40,Tier 4 - Occasional Sponsor (10-19 new hires),"54 - Professional, Scientific, and Technical Services",HOUSTON,TX,359,Workday/Custom (Likely)
AGILETAL TECHNOLOGIES INC,10.0,100.0,40,Tier 4 - Occasional Sponsor (10-19 new hires),"54 - Professional, Scientific, and Technical Services",MIDDLESEX,NJ,360,Greenhouse/Lever (Likely)
SAIPSIT INC,15.0,100.0,40,Tier 4 - Occasional Sponsor (10-19 new hires),"54 - Professional, Scientific, and Technical Services",HOUSTON,TX,361,Workday/Custom (Likely)
CVTECH INNOVATIONS LLC,10.0,100.0,40,Tier 4 - Occasional Sponsor (10-19 new hires),"54 - Professional, Scientific, and Technical Services",LISLE,IL,362,Greenhouse/Lever (Likely)
PI LABS INC,10.0,100.0,40,Tier 4 - Occasional Sponsor (10-19 new hires),"54 - Professional, Scientific, and Technical Services",ELLISVILLE,MO,363,Workday/Custom (Likely)
FIDELITY INVESTMENTS,11.0,100.0,40,Tier 4 - Occasional Sponsor (10-19 new hires),52 - Finance and Insurance,BOSTON,MA,364,Unknown
TEKINVADERZ LLC,16.0,100.0,40,Tier 4 - Occasional Sponsor (10-19 new hires),"54 - Professional, Scientific, and Technical Services",TEMPLE TERRACE,FL,365,Workday/Custom (Likely)
GROUPM WORLDWIDE LLC,14.0,100.0,40,Tier 4 - Occasional Sponsor (10-19 new hires),"54 - Professional, Scientific, and Technical Services",NEW YORK,NY,366,Workday/Custom (Likely)
XORIANT CORPORATION,16.0,100.0,40,Tier 4 - Occasional Sponsor (10-19 new hires),"54 - Professional, Scientific, and Technical Services",SUNNYVALE,CA,367,Workday/Custom (Likely)
GUSTO INC,10.0,100.0,40,Tier 4 - Occasional Sponsor (10-19 new hires),"54 - Professional, Scientific, and Technical Services",SAN FRANCISCO,CA,368,Workday/Custom (Likely)
COLLABORATE SOLUTIONS INC.,13.0,100.0,40,Tier 4 - Occasional Sponsor (10-19 new hires),"54 - Professional, Scientific, and Technical Services",SHREWSBURY,MA,369,Workday/Custom (Likely)
AKINFOSYSTEM,10.0,100.0,40,Tier 4 - Occasional Sponsor (10-19 new hires),"54 - Professional, Scientific, and Technical Services",KATY,TX,370,Unknown
NAVAN INC,11.0,100.0,40,Tier 4 - Occasional Sponsor (10-19 new hires),"54 - Professional, Scientific, and Technical Services",PALO ALTO,CA,371,Workday/Custom (Likely)
OMD USA LLC D B A ANNALECT GROUP,14.0,100.0,40,Tier 4 - Occasional Sponsor (10-19 new hires),"54 - Professional, Scientific, and Technical Services",NEW YORK,NY,372,Workday/Custom (Likely)
CSC HOLDINGS LLC,10.0,100.0,40,Tier 4 - Occasional Sponsor (10-19 new hires),51 - Information,LONG ISLAND CITY,NY,373,Workday/Custom (Likely)
ENVIRONMENTAL SYSTEMS RESEARCH INS,12.0,100.0,40,Tier 4 - Occasional Sponsor (10-19 new hires),51 - Information,REDLANDS,CA,374,Unknown
UNITED PHARMA TECHNOLOGIES INC,11.0,100.0,40,Tier 4 - Occasional Sponsor (10-19 new hires),"54 - Professional, Scientific, and Technical Services",ISELIN,NJ,375,Greenhouse/Lever (Likely)
SLK AMERICA INC,15.0,100.0,40,Tier 4 - Occasional Sponsor (10-19 new hires),"54 - Professional, Scientific, and Technical Services",CINCINNATI,OH,376,Workday/Custom (Likely)
AIR WORLDWIDE CORPORATION,10.0,100.0,40,Tier 4 - Occasional Sponsor (10-19 new hires),52 - Finance and Insurance,BOSTON,MA,377,Workday/Custom (Likely)
ONEMAIN GENERAL SERVICES CORPORATION,17.0,100.0,40,Tier 4 - Occasional Sponsor (10-19 new hires),"54 - Professional, Scientific, and Technical Services",EVANSVILLE,IN,378,Workday/Custom (Likely)
TMEIC CORPORATION AMERICAS,10.0,100.0,40,Tier 4 - Occasional Sponsor (10-19 new hires),"54 - Professional, Scientific, and Technical Services",ROANOKE,VA,379,Workday/Custom (Likely)
TECHDATUM SOLUTIONS INC,11.0,100.0,40,Tier 4 - Occasional Sponsor (10-19 new hires),"54 - Professional, Scientific, and Technical Services",DALLAS,TX,380,Greenhouse/Lever (Likely)
CREATIVE SYNERGIES GROUP LLC,17.0,100.0,40,Tier 4 - Occasional Sponsor (10-19 new hires),"54 - Professional, Scientific, and Technical Services",OKEMOS,MI,381,Workday/Custom (Likely)
ATHENAHEALTH INC,11.0,100.0,40,Tier 4 - Occasional Sponsor (10-19 new hires),"54 - Professional, Scientific, and Technical Services",BOSTON,MA,382,Workday/Custom (Likely)
WEEE INC,10.0,100.0,40,Tier 4 - Occasional Sponsor (10-19 new hires),"54 - Professional, Scientific, and Technical Services",FREMONT,CA,383,Workday/Custom (Likely)
GSK SOLUTIONS INC,12.0,100.0,40,Tier 4 - Occasional Sponsor (10-19 new hires),"54 - Professional, Scientific, and Technical Services",KATY,TX,384,Workday/Custom (Likely)
X CORP,15.0,100.0,40,Tier 4 - Occasional Sponsor (10-19 new hires),"54 - Professional, Scientific, and Technical Services",BASTROP,TX,385,Workday/Custom (Likely)
AKKODIS INC,11.0,100.0,40,Tier 4 - Occasional Sponsor (10-19 new hires),"54 - Professional, Scientific, and Technical Services",AUBURN HILLS,MI,386,Workday/Custom (Likely)
PROFESSIONAL SERVICE INDUSTRIES INC D B A INTERTEK PSI,10.0,100.0,40,Tier 4 - Occasional Sponsor (10-19 new hires),"54 - Professional, Scientific, and Technical Services",CORTLAND,NY,387,Workday/Custom (Likely)
ATKINSREALIS USA INC,15.0,100.0,40,Tier 4 - Occasional Sponsor (10-19 new hires),"54 - Professional, Scientific, and Technical Services",TAMPA,FL,388,Workday/Custom (Likely)
EGURU SOLUTIONS LLC,12.0,100.0,40,Tier 4 - Occasional Sponsor (10-19 new hires),"54 - Professional, Scientific, and Technical Services", INVERNESS,IL,389,Workday/Custom (Likely)
SOLUTION IT INC,18.0,100.0,40,Tier 4 - Occasional Sponsor (10-19 new hires),"54 - Professional, Scientific, and Technical Services",WILMINGTON,MA,390,Workday/Custom (Likely)
CREST SOFTWARE SERVICES INC,12.0,100.0,40,Tier 4 - Occasional Sponsor (10-19 new hires),"54 - Professional, Scientific, and Technical Services",PRINCETON,NJ,391,Greenhouse/Lever (Likely)
MAX PLANCK FLORIDA CORPORATION D B A MAX PLANCK FLORIDA INSTITUTE FOR,10.0,100.0,40,Tier 4 - Occasional Sponsor (10-19 new hires),"54 - Professional, Scientific, and Technical Services",JUPITER,FL,392,Workday/Custom (Likely)
TOWER RESEARCH CAPITAL LLC,14.0,100.0,40,Tier 4 - Occasional Sponsor (10-19 new hires),52 - Finance and Insurance,NEW YORK,NY,393,Workday (Likely)
S & V TEK SYSTEMS LLC,13.0,100.0,40,Tier 4 - Occasional Sponsor (10-19 new hires),"54 - Professional, Scientific, and Technical Services",ALPHARETTA,GA,394,Workday/Custom (Likely)
M AND T BANK,13.0,100.0,40,Tier 4 - Occasional Sponsor (10-19 new hires),52 - Finance and Insurance,BUFFALO,NY,395,Workday (Likely)
CRAVATH SWAINE AND MOORE LLP,11.0,100.0,40,Tier 4 - Occasional Sponsor (10-19 new hires),"54 - Professional, Scientific, and Technical Services",NEW YORK,NY,396,Unknown
NAMO TECHNOLOGIES LLC,14.0,100.0,40,Tier 4 - Occasional Sponsor (10-19 new hires),"54 - Professional, Scientific, and Technical Services",IRVING,TX,397,Greenhouse/Lever (Likely)
FIFTH THIRD BANK NATIONAL ASSOCIATION,12.0,100.0,40,Tier 4 - Occasional Sponsor (10-19 new hires),52 - Finance and Insurance,CINCINNATI,OH,398,Workday (Likely)
NATSOFT CORPORATION,11.0,100.0,40,Tier 4 - Occasional Sponsor (10-19 new hires),"54 - Professional, Scientific, and Technical Services",SOMERSET,NJ,399,Workday/Custom (Likely)
COHNREZNICK ADVISORY LLC,10.0,100.0,40,Tier 4 - Occasional Sponsor (10-19 new hires),"54 - Professional, Scientific, and Technical Services",NEW YORK,NY,400,Workday/Custom (Likely)
UNISOFT SOLUTIONS LLC,18.0,100.0,40,Tier 4 - Occasional Sponsor (10-19 new hires),"54 - Professional, Scientific, and Technical Services",SOMERVILLE,NJ,401,Workday/Custom (Likely)
"V-SOFT CONSULTING GROUP, INC.",17.0,100.0,40,Tier 4 - Occasional Sponsor (10-19 new hires),"54 - Professional, Scientific, and Technical Services",LOUISVILLE,KY,402,Workday (Likely)
SANTANDER US CAPITAL MARKETS LLC,14.0,100.0,40,Tier 4 - Occasional Sponsor (10-19 new hires),52 - Finance and Insurance,NEW YORK,NY,403,Workday (Likely)
VALUEPRO INC,10.0,100.0,40,Tier 4 - Occasional Sponsor (10-19 new hires),"54 - Professional, Scientific, and Technical Services",LITTLE ROCK,AR,404,Workday/Custom (Likely)
ERP ANALYSTS INC,12.0,100.0,40,Tier 4 - Occasional Sponsor (10-19 new hires),"54 - Professional, Scientific, and Technical Services",DUBLIN,OH,405,Workday/Custom (Likely)
PAMTEN INC,14.0,100.0,40,Tier 4 - Occasional Sponsor (10-19 new hires),"54 - Professional, Scientific, and Technical Services",PRINCETON,NJ,406,Workday/Custom (Likely)
INDU LLC DBA INTIGROW,13.0,100.0,40,Tier 4 - Occasional Sponsor (10-19 new hires),"54 - Professional, Scientific, and Technical Services",DULUTH,GA,407,Workday/Custom (Likely)
UNISYS CORPORATION,10.0,100.0,40,Tier 4 - Occasional Sponsor (10-19 new hires),51 - Information,BLUE BELL,PA,408,Workday/Custom (Likely)
NB VENTURES INC DBA GEP,17.0,100.0,40,Tier 4 - Occasional Sponsor (10-19 new hires),"54 - Professional, Scientific, and Technical Services",CLARK,NJ,409,Workday/Custom (Likely)
UNICON SYSTEMS INC,13.0,100.0,40,Tier 4 - Occasional Sponsor (10-19 new hires),"54 - Professional, Scientific, and Technical Services",TAMPA,FL,410,Workday/Custom (Likely)
BERNSTEIN INSTITUTIONAL SERVICES LLC,12.0,100.0,40,Tier 4 - Occasional Sponsor (10-19 new hires),52 - Finance and Insurance,NEW YORK,NY,411,Workday/Custom (Likely)
OMA4 LLC,17.0,100.0,40,Tier 4 - Occasional Sponsor (10-19 new hires),"54 - Professional, Scientific, and Technical Services",CUMMING,GA,412,Workday/Custom (Likely)
TEK LABS INC,10.0,100.0,40,Tier 4 - Occasional Sponsor (10-19 new hires),"54 - Professional, Scientific, and Technical Services",FARMINGTON HILLS,MI,413,Workday/Custom (Likely)
BECKMAN RESEARCH INSTITUTE OF THE CITY OF HOPE,11.0,100.0,40,Tier 4 - Occasional Sponsor (10-19 new hires),"54 - Professional, Scientific, and Technical Services",DUARTE,CA,414,Unknown
FORVIS MAZARS LLP,10.0,100.0,40,Tier 4 - Occasional Sponsor (10-19 new hires),"54 - Professional, Scientific, and Technical Services",DALLAS,TX,415,Unknown
TORC ROBOTICS INC,11.0,100.0,40,Tier 4 - Occasional Sponsor (10-19 new hires),"54 - Professional, Scientific, and Technical Services",BLACKSBURG,VA,416,Workday/Custom (Likely)
SMITHGROUP INC SUBSIDIARY OF SMITHGROUP CO INC,11.0,100.0,40,Tier 4 - Occasional Sponsor (10-19 new hires),"54 - Professional, Scientific, and Technical Services",DETROIT,MI,417,Workday/Custom (Likely)
PSQUARE TECHNOLOGIES LLC,14.0,100.0,40,Tier 4 - Occasional Sponsor (10-19 new hires),"54 - Professional, Scientific, and Technical Services",AURORA,IL,418,Greenhouse/Lever (Likely)
SPARK TECHNOLOGIES INC,15.0,100.0,40,Tier 4 - Occasional Sponsor (10-19 new hires),"54 - Professional, Scientific, and Technical Services",HARTFORD,CT,419,Greenhouse/Lever (Likely)
NATERA INC,15.0,100.0,40,Tier 4 - Occasional Sponsor (10-19 new hires),"54 - Professional, Scientific, and Technical Services",SAN CARLOS,CA,420,Workday/Custom (Likely)
GUIDEWIRE SOFTWARE INC,12.0,100.0,40,Tier 4 - Occasional Sponsor (10-19 new hires),51 - Information,SAN MATEO,CA,421,Greenhouse/Lever (Likely)
ERNST YOUNG US LLP,18.0,100.0,40,Tier 4 - Occasional Sponsor (10-19 new hires),"54 - Professional, Scientific, and Technical Services",SECAUCUS,NJ,422,Unknown
CIBC BANK USA,10.0,100.0,40,Tier 4 - Occasional Sponsor (10-19 new hires),52 - Finance and Insurance,NEW YORK,NY,423,Workday (Likely)
MARLABS LLC,15.0,100.0,40,Tier 4 - Occasional Sponsor (10-19 new hires),"54 - Professional, Scientific, and Technical Services",PISCATAWAY,NJ,424,Workday/Custom (Likely)
MASTEK INC,11.0,100.0,40,Tier 4 - Occasional Sponsor (10-19 new hires),"54 - Professional, Scientific, and Technical Services",ADDISON,TX,425,Workday/Custom (Likely)
ELEVANCE HEALTH INC,17.0,100.0,40,Tier 4 - Occasional Sponsor (10-19 new hires),52 - Finance and Insurance,INDIANAPOLIS,IN,426,Workday/Custom (Likely)
COMPUTER SCIENCES CORPORATION,13.0,100.0,40,Tier 4 - Occasional Sponsor (10-19 new hires),"54 - Professional, Scientific, and Technical Services",ASHBURN,VA,427,Workday/Custom (Likely)
UNICODE SYSTEMS INC,12.0,100.0,40,Tier 4 - Occasional Sponsor (10-19 new hires),"54 - Professional, Scientific, and Technical Services",HERNDON,VA,428,Workday/Custom (Likely)
BEAN INFOSYSTEMS LLC,18.0,100.0,40,Tier 4 - Occasional Sponsor (10-19 new hires),"54 - Professional, Scientific, and Technical Services",MCKINNEY,TX,429,Workday/Custom (Likely)
INTERON IT SOLUTIONS LLC,10.0,100.0,40,Tier 4 - Occasional Sponsor (10-19 new hires),"54 - Professional, Scientific, and Technical Services",CHANTILLY,VA,430,Workday/Custom (Likely)
ELECTRONIC ARTS INC,15.0,100.0,40,Tier 4 - Occasional Sponsor (10-19 new hires),"54 - Professional, Scientific, and Technical Services",REDWOOD CITY,CA,431,Workday/Custom (Likely)
TEC FRAMES LLC,10.0,100.0,40,Tier 4 - Occasional Sponsor (10-19 new hires),"54 - Professional, Scientific, and Technical Services",ALPHARETTA,GA,432,Workday/Custom (Likely)
AKUNA CAPITAL LLC,10.0,100.0,40,Tier 4 - Occasional Sponsor (10-19 new hires),52 - Finance and Insurance,CHICAGO,IL,433,Workday (Likely)
FOURTHSQUARE LLC,11.0,100.0,40,Tier 4 - Occasional Sponsor (10-19 new hires),51 - Information,IRVING,TX,434,Workday/Custom (Likely)
SACROSANCTINFO LLC,14.0,100.0,40,Tier 4 - Occasional Sponsor (10-19 new hires),"54 - Professional, Scientific, and Technical Services",FREMONT,CA,435,Workday/Custom (Likely)
NAVOINFO INC,10.0,100.0,40,Tier 4 - Occasional Sponsor (10-19 new hires),"54 - Professional, Scientific, and Technical Services",ADDISON,TX,436,Workday/Custom (Likely)
COLD SPRING HARBOR LABORATORY,10.0,100.0,40,Tier 4 - Occasional Sponsor (10-19 new hires),"54 - Professional, Scientific, and Technical Services",COLD SPRING HARBOR,NY,437,Unknown
SAMSUNG RESEARCH AMERICA INC,16.0,100.0,40,Tier 4 - Occasional Sponsor (10-19 new hires),"54 - Professional, Scientific, and Technical Services",MOUNTAIN VIEW,CA,438,Workday/Custom (Likely)
ERNST AND YOUNG LLP EY GUAM,10.0,100.0,40,Tier 4 - Occasional Sponsor (10-19 new hires),"54 - Professional, Scientific, and Technical Services",TAMUNING,GU,439,Unknown
SUSQUEHANNA INTERNATIONAL GROUP LLP,16.0,100.0,40,Tier 4 - Occasional Sponsor (10-19 new hires),52 - Finance and Insurance,BALA CYNWYD,PA,440,Unknown
THE PNC FINANCIAL SERVICES GROUP INC,12.0,100.0,40,Tier 4 - Occasional Sponsor (10-19 new hires),52 - Finance and Insurance,PITTSBURGH,PA,441,Workday (Likely)
"MODJESKI AND MASTERS, INC.",11.0,100.0,40,Tier 4 - Occasional Sponsor (10-19 new hires),"54 - Professional, Scientific, and Technical Services",MECHANICSBURG,PA,442,Workday/Custom (Likely)
RESEARCH CORPORATION OF THE UNIVERSITY OF HAWAII,10.0,100.0,40,Tier 4 - Occasional Sponsor (10-19 new hires),"54 - Professional, Scientific, and Technical Services",HONOLULU,HI,443,Workday/Custom (Likely)
PEOPLE CENTER INC D B A RIPPLING,10.0,100.0,40,Tier 4 - Occasional Sponsor (10-19 new hires),"54 - Professional, Scientific, and Technical Services",SAN FRANCISCO,CA,444,Workday/Custom (Likely)
FAIR ISAAC CORPORATION,11.0,100.0,40,Tier 4 - Occasional Sponsor (10-19 new hires),"54 - Professional, Scientific, and Technical Services",BOZEMAN,MT,445,Workday/Custom (Likely)
GLOBALLOGIC INC,12.0,100.0,40,Tier 4 - Occasional Sponsor (10-19 new hires),"54 - Professional, Scientific, and Technical Services",SANTA CLARA,CA,446,Workday/Custom (Likely)
VIRTUOUS TECH INC,11.0,100.0,40,Tier 4 - Occasional Sponsor (10-19 new hires),"54 - Professional, Scientific, and Technical Services",STERLING,VA,447,Greenhouse/Lever (Likely)
MOELIS AND COMPANY GROUP LP,18.0,100.0,40,Tier 4 - Occasional Sponsor (10-19 new hires),52 - Finance and Insurance,NEW YORK,NY,448,Unknown
SULLIVAN AND CROMWELL LLP,11.0,100.0,40,Tier 4 - Occasional Sponsor (10-19 new hires),"54 - Professional, Scientific, and Technical Services",NEW YORK,NY,449,Unknown
JUMP OPERATIONS LLC,18.0,100.0,40,Tier 4 - Occasional Sponsor (10-19 new hires),52 - Finance and Insurance,CHICAGO,IL,450,Workday/Custom (Likely)
CLOUD88 INC,14.0,100.0,40,Tier 4 - Occasional Sponsor (10-19 new hires),"54 - Professional, Scientific, and Technical Services",WEST WINDSOR,NJ,451,Greenhouse/Lever (Likely)
AMERICAN IT SOLUTIONS INC,18.0,100.0,40,Tier 4 - Occasional Sponsor (10-19 new hires),"54 - Professional, Scientific, and Technical Services",FARMINGTON,MI,452,Workday/Custom (Likely)
NIANTIC INC,10.0,100.0,40,Tier 4 - Occasional Sponsor (10-19 new hires),"54 - Professional, Scientific, and Technical Services",SAN FRANCISCO,CA,453,Workday/Custom (Likely)
JOSH PROS LLC,17.0,100.0,40,Tier 4 - Occasional Sponsor (10-19 new hires),"54 - Professional, Scientific, and Technical Services",ALPHARETTA,GA,454,Workday/Custom (Likely)
ARTIFINT TECHNOLOGIES LLC,14.0,100.0,40,Tier 4 - Occasional Sponsor (10-19 new hires),"54 - Professional, Scientific, and Technical Services",DUNCANVILLE,TX,455,Greenhouse/Lever (Likely)
MENZO TECHNOLOGIES CORP,10.0,100.0,40,Tier 4 - Occasional Sponsor (10-19 new hires),"54 - Professional, Scientific, and Technical Services",SOMERSET,NJ,456,Greenhouse/Lever (Likely)
RELX INC D B A LEXISNEXIS USA,15.0,100.0,40,Tier 4 - Occasional Sponsor (10-19 new hires),51 - Information,ALPHARETTA,GA,457,Workday/Custom (Likely)
NTESS LLC,17.0,100.0,40,Tier 4 - Occasional Sponsor (10-19 new hires),"54 - Professional, Scientific, and Technical Services",ALBUQUERQUE,NM,458,Workday/Custom (Likely)
TRINAMIX INC,10.0,100.0,40,Tier 4 - Occasional Sponsor (10-19 new hires),"54 - Professional, Scientific, and Technical Services",SAN JOSE,CA,459,Workday/Custom (Likely)
BRILLFY TECHNOLOGY INC,11.0,100.0,40,Tier 4 - Occasional Sponsor (10-19 new hires),"54 - Professional, Scientific, and Technical Services",IRVING,TX,460,Greenhouse/Lever (Likely)
MICHAEL BAKER INTERNATIONAL INC,14.0,100.0,40,Tier 4 - Occasional Sponsor (10-19 new hires),"54 - Professional, Scientific, and Technical Services",PITTSBURGH,PA,461,Workday/Custom (Likely)
RAKS GROUP LLC,14.0,100.0,40,Tier 4 - Occasional Sponsor (10-19 new hires),"54 - Professional, Scientific, and Technical Services",CHANTILLY,VA,462,Workday/Custom (Likely)
KOHN PEDERSEN FOX ASSOCIATES PC,10.0,100.0,40,Tier 4 - Occasional Sponsor (10-19 new hires),"54 - Professional, Scientific, and Technical Services",NEW YORK,NY,463,Unknown
VISUAL INNOVATIVE SOLUTIONS INC,13.0,100.0,40,Tier 4 - Occasional Sponsor (10-19 new hires),"54 - Professional, Scientific, and Technical Services",IRVING,TX,464,Workday/Custom (Likely)
"KRASAN CONSULTING SERVICES, INC.",10.0,100.0,40,Tier 4 - Occasional Sponsor (10-19 new hires),"54 - Professional, Scientific, and Technical Services",CHICAGO,IL,465,Workday (Likely)
VISTA APPLIED SOLUTIONS GROUP INC,18.0,100.0,40,Tier 4 - Occasional Sponsor (10-19 new hires),"54 - Professional, Scientific, and Technical Services",HERNDON,VA,466,Workday/Custom (Likely)
TETRA SYSTEMS LLC,11.0,100.0,40,Tier 4 - Occasional Sponsor (10-19 new hires),"54 - Professional, Scientific, and Technical Services",WOODINVILLE,WA,467,Workday/Custom (Likely)
K TEK SOFT INC,10.0,100.0,40,Tier 4 - Occasional Sponsor (10-19 new hires),"54 - Professional, Scientific, and Technical Services",BENTONVILLE,AR,468,Workday/Custom (Likely)
BRIGHTFONTS INC,17.0,100.0,40,Tier 4 - Occasional Sponsor (10-19 new hires),"54 - Professional, Scientific, and Technical Services",IRVING,TX,469,Workday/Custom (Likely)
REMITLY INC,13.0,100.0,40,Tier 4 - Occasional Sponsor (10-19 new hires),52 - Finance and Insurance,SEATTLE,WA,470,Workday/Custom (Likely)
DATAFLAKE LLC,13.0,100.0,40,Tier 4 - Occasional Sponsor (10-19 new hires),"54 - Professional, Scientific, and Technical Services",MASON,OH,471,Greenhouse/Lever (Likely)
GOKEN AMERICA LLC,13.0,100.0,40,Tier 4 - Occasional Sponsor (10-19 new hires),"54 - Professional, Scientific, and Technical Services",DUBLIN,OH,472,Workday/Custom (Likely)
GOLDMAN SACHS WEALTH SERVICES L P,15.0,100.0,40,Tier 4 - Occasional Sponsor (10-19 new hires),52 - Finance and Insurance,NEW YORK,NY,473,Workday
DATALAB INFOTECH INC,15.0,100.0,40,Tier 4 - Occasional Sponsor (10-19 new hires),"54 - Professional, Scientific, and Technical Services",RICHARDSON,TX,474,Greenhouse/Lever (Likely)
RINGCENTRAL INC,11.0,100.0,40,Tier 4 - Occasional Sponsor (10-19 new hires),51 - Information,BELMONT,CA,475,Workday/Custom (Likely)
ARC RESEARCH INSTITUTE DBA ARC INSTITUTE,10.0,100.0,40,Tier 4 - Occasional Sponsor (10-19 new hires),"54 - Professional, Scientific, and Technical Services",PALO ALTO,CA,476,Unknown
GODADDY COM LLC,12.0,100.0,40,Tier 4 - Occasional Sponsor (10-19 new hires),51 - Information,TEMPE,AZ,477,Workday/Custom (Likely)
WISELINK GLOBAL INC,10.0,100.0,40,Tier 4 - Occasional Sponsor (10-19 new hires),"54 - Professional, Scientific, and Technical Services",FREDERICK,MD,478,Workday/Custom (Likely)
SVS SOFT TECH LLC,13.0,100.0,40,Tier 4 - Occasional Sponsor (10-19 new hires),"54 - Professional, Scientific, and Technical Services",HOUSTON,TX,479,Greenhouse/Lever (Likely)
SVM SOFTTECH CORPORATION DBA YENIL,10.0,100.0,40,Tier 4 - Occasional Sponsor (10-19 new hires),"54 - Professional, Scientific, and Technical Services",PLANO,TX,480,Greenhouse/Lever (Likely)
AMERICAN GENERAL LIFE INSURANCE COMPANY,17.0,100.0,40,Tier 4 - Occasional Sponsor (10-19 new hires),52 - Finance and Insurance,JERSEY CITY,NJ,481,Unknown
BRUHAT TECHNOLOGIES INC,17.0,100.0,40,Tier 4 - Occasional Sponsor (10-19 new hires),"54 - Professional, Scientific, and Technical Services",IRVING,TX,482,Greenhouse/Lever (Likely)
THE SALK INSTITUTE FOR BIOLOGICAL STUDIES,17.0,100.0,40,Tier 4 - Occasional Sponsor (10-19 new hires),"54 - Professional, Scientific, and Technical Services",LA JOLLA,CA,483,Unknown
R SYSTEMS INC,11.0,100.0,40,Tier 4 - Occasional Sponsor (10-19 new hires),51 - Information,EL DORADO HILLS,CA,484,Workday/Custom (Likely)
SIGMA COMPUTING INC,14.0,100.0,40,Tier 4 - Occasional Sponsor (10-19 new hires),51 - Information,SAN FRANCISCO,CA,485,Workday/Custom (Likely)
THE PRINCIPAL CONSULTING INC,13.0,100.0,40,Tier 4 - Occasional Sponsor (10-19 new hires),"54 - Professional, Scientific, and Technical Services",NORTH BRUNSWICK,NJ,486,Workday (Likely)
GOFO INC,13.0,100.0,40,Tier 4 - Occasional Sponsor (10-19 new hires),"54 - Professional, Scientific, and Technical Services",FLUSHING,NY,487,Workday/Custom (Likely)
WILLKIE FARR AND GALLAGHER LLP,14.0,100.0,40,Tier 4 - Occasional Sponsor (10-19 new hires),"54 - Professional, Scientific, and Technical Services",NEW YORK,NY,488,Unknown
RESOURCE INTEGRATORS LLC,10.0,100.0,40,Tier 4 - Occasional Sponsor (10-19 new hires),"54 - Professional, Scientific, and Technical Services",AUSTIN,TX,489,Workday/Custom (Likely)
"NUTECH SYSTEMS, INC.",18.0,100.0,40,Tier 4 - Occasional Sponsor (10-19 new hires),"54 - Professional, Scientific, and Technical Services",ATLANTA,GA,490,Greenhouse/Lever (Likely)
THE RESEARCH FOUNDATION FOR MENTAL HYGIENE INC,12.0,100.0,40,Tier 4 - Occasional Sponsor (10-19 new hires),"54 - Professional, Scientific, and Technical Services",MENANDS,NY,491,Workday/Custom (Likely)
STANTEC CONSULTING SERVICES INC.,12.0,100.0,40,Tier 4 - Occasional Sponsor (10-19 new hires),"54 - Professional, Scientific, and Technical Services",DENVER,CO,492,Workday (Likely)
ARYADIT SOLUTIONS INC,15.0,100.0,40,Tier 4 - Occasional Sponsor (10-19 new hires),"54 - Professional, Scientific, and Technical Services",DALLAS,TX,493,Workday/Custom (Likely)
MINDSPRINT INC,11.0,100.0,40,Tier 4 - Occasional Sponsor (10-19 new hires),"54 - Professional, Scientific, and Technical Services",MORRISTOWN,NJ,494,Workday/Custom (Likely)
GENESIS CORP DBA GENESIS10,13.0,100.0,40,Tier 4 - Occasional Sponsor (10-19 new hires),"54 - Professional, Scientific, and Technical Services",NEW YORK,NY,495,Workday/Custom (Likely)
RADIANTZE INC.,10.0,100.0,40,Tier 4 - Occasional Sponsor (10-19 new hires),"54 - Professional, Scientific, and Technical Services",NEW YORK,NY,496,Workday/Custom (Likely)
HELLMUTH OBATA AND KASSABAUM INC,15.0,100.0,40,Tier 4 - Occasional Sponsor (10-19 new hires),"54 - Professional, Scientific, and Technical Services",ST LOUIS,MO,497,Workday/Custom (Likely)
DATICS INC,14.0,100.0,40,Tier 4 - Occasional Sponsor (10-19 new hires),"54 - Professional, Scientific, and Technical Services",NAPERVILLE,IL,498,Workday/Custom (Likely)
METAFORGE IT SOLUTIONS,12.0,100.0,40,Tier 4 - Occasional Sponsor (10-19 new hires),"54 - Professional, Scientific, and Technical Services",AUSTIN,TX,499,Custom
THE PRUDENTIAL INSURANCE COMPANY OF AMERICA,18.0,100.0,40,Tier 4 - Occasional Sponsor (10-19 new hires),52 - Finance and Insurance,NEWARK,NJ,500,Unknown
